snapshot_ts_kyiv,instance_id,trip_key,train_number,departure_date,station_from,station_to,delay_min,forecast_arrival,planned_arrival,status,reliability,reason,match_type,has_route,n_stops,passed_count,page_updated
2026-10-07 17:49:14,3/4|Дніпро-Головний|Ужгород|07.10@20261007-1749,3/4|Дніпро-Головний|Ужгород|07.10,3/4,07.10,Дніпро-Головний,Ужгород,190,,,Готується,Середня,,endpoint,0,0,0,07 жовтня 17:38
2026-10-07 17:49:14,99/100|Київ-Пас.|Бухарест|07.10@20261007-1749,99/100|Київ-Пас.|Бухарест|07.10,99/100,07.10,Київ-Пас.,Бухарест,166,22:55,,В дорозі,Висока,,endpoint,0,0,0,07 жовтня 17:38
2026-10-07 17:49:14,749/750|Ужгород|Київ-Пас.|@20261007-1749,749/750|Ужгород|Київ-Пас.|,749/750,,Ужгород,Київ-Пас.,120,18:59,16:59,В дорозі,Висока,,both,1,8,7,07 жовтня 17:38
2026-10-07 17:49:14,119/120|Дніпро-Головний|Хелм|@20261007-1749,119/120|Дніпро-Головний|Хелм|,119/120,,Дніпро-Головний,Хелм,115,20:47,18:52,В дорозі,Висока,,both,1,16,15,07 жовтня 17:38
2026-10-07 17:49:14,63/64|Харків-Пас.|Перемишль|@20261007-1749,63/64|Харків-Пас.|Перемишль|,63/64,,Харків-Пас.,Перемишль,115,19:54,17:59,В дорозі,Висока,,both,1,14,13,07 жовтня 17:38
2026-10-07 17:49:14,61/62|Дніпро-Головний|Івано-Франківськ|@20261007-1749,61/62|Дніпро-Головний|Івано-Франківськ|,61/62,,Дніпро-Головний,Івано-Франківськ,113,09:20,07:27,В дорозі,Висока,,both,1,12,5,07 жовтня 17:38
2026-10-07 17:49:14,261/262|Дніпро-Головний|Чернівці|@20261007-1749,261/262|Дніпро-Головний|Чернівці|,261/262,,Дніпро-Головний,Чернівці,113,11:31,09:38,В дорозі,Висока,,both,1,15,5,07 жовтня 17:38
2026-10-07 17:49:14,705/706|Перемишль|Київ-Пас.|@20261007-1749,705/706|Перемишль|Київ-Пас.|,705/706,,Перемишль,Київ-Пас.,89,19:04,17:35,В дорозі,Висока,,both,1,8,7,07 жовтня 17:38
2026-10-07 17:49:14,9/10|Будапешт-Келеті|Київ-Пас.|@20261007-1749,9/10|Будапешт-Келеті|Київ-Пас.|,9/10,,Будапешт-Келеті,Київ-Пас.,88,20:44,19:16,В дорозі,Висока,,both,1,6,5,07 жовтня 17:38
2026-10-07 17:49:14,1/2|Харків-Пас.|Рахів|@20261007-1749,1/2|Харків-Пас.|Рахів|,1/2,,Харків-Пас.,Рахів,71,11:06,09:55,В дорозі,Висока,,both,1,11,2,07 жовтня 17:38
2026-10-07 17:49:14,5/6|Запоріжжя-1|Ясіня|07.10@20261007-1749,5/6|Запоріжжя-1|Ясіня|07.10,5/6,07.10,Запоріжжя-1,Ясіня,58,13:06,12:08,В дорозі,Висока,,transit,1,17,6,07 жовтня 17:38
2026-10-07 17:49:14,5/6|Ясіня|Запоріжжя-1|07.10@20261007-1749,5/6|Ясіня|Запоріжжя-1|07.10,5/6,07.10,Ясіня,Запоріжжя-1,50,11:31,11:19,В дорозі,Висока,,transit,1,19,5,07 жовтня 17:38
2026-10-07 17:49:14,749/750|Київ-Пас.|Ужгород|@20261007-1749,749/750|Київ-Пас.|Ужгород|,749/750,,Київ-Пас.,Ужгород,50,01:13,00:23,В дорозі,Висока,,both,1,8,2,07 жовтня 17:38
2026-10-07 17:49:14,113/114|Харків-Пас.|Ужгород|06.10@20261007-1749,113/114|Харків-Пас.|Ужгород|06.10,113/114,06.10,Харків-Пас.,Ужгород,47,07:38,06:51,В дорозі,Висока,,both,1,41,20,07 жовтня 17:38
2026-10-07 17:49:14,31/32|Запоріжжя-1|Перемишль|07.10@20261007-1749,31/32|Запоріжжя-1|Перемишль|07.10,31/32,07.10,Запоріжжя-1,Перемишль,45,10:04,09:19,В дорозі,Висока,,transit,1,13,6,07 жовтня 17:38
2026-10-07 17:49:14,9/10|Київ-Пас.|Будапешт-Келеті|@20261007-1749,9/10|Київ-Пас.|Будапешт-Келеті|,9/10,,Київ-Пас.,Будапешт-Келеті,43,00:33,23:50,В дорозі,Висока,,both,1,4,2,07 жовтня 17:38
2026-10-07 17:49:14,293/294|Ворохта|Кривий Ріг-Головний|@20261007-1749,293/294|Ворохта|Кривий Ріг-Головний|,293/294,,Ворохта,Кривий Ріг-Головний,38,11:28,10:50,В дорозі,Висока,,transit,1,10,3,07 жовтня 17:38
2026-10-07 17:49:14,143/144|Ясіня|Конотоп-Пас.|@20261007-1749,143/144|Ясіня|Конотоп-Пас.|,143/144,,Ясіня,Конотоп-Пас.,24,10:04,09:40,В дорозі,Висока,,transit,1,20,6,07 жовтня 17:38
2026-10-07 17:49:14,37/38|Ужгород|Одеса-Головна|@20261007-1749,37/38|Ужгород|Одеса-Головна|,37/38,,Ужгород,Одеса-Головна,18,06:41,06:23,В дорозі,Висока,,both,1,23,7,07 жовтня 17:38
