instance_id,trip_key,train_number,station_from,station_to,seq,station,scheduled,passed,value_type,dev_fact_min,fact_time,dev_forecast_min,forecast_time,forecast_seen_kyiv,passed_seen_kyiv,forecast_age_min,is_watched,updated_ts_kyiv
1/2|ХАРКІВ-ПАС.@20261007-1819,1/2|ХАРКІВ-ПАС.,1/2,Харків-Пас.,Рахів,0,ХАРКІВ-ПАС.,,1,fact,79,,,,,2026-10-07 18:19:21,,1,2026-10-07 19:31:10
1/2|ХАРКІВ-ПАС.@20261007-1819,1/2|ХАРКІВ-ПАС.,1/2,Харків-Пас.,Рахів,1,ПОЛТАВА-КИЇВСЬКА,17:01,1,fact,63,18:04,,,,2026-10-07 18:19:21,,1,2026-10-07 19:31:10
1/2|ХАРКІВ-ПАС.@20261007-1819,1/2|ХАРКІВ-ПАС.,1/2,Харків-Пас.,Рахів,2,МИРГОРОД,18:31,1,fact,51,19:22,60,22:17,2026-10-07 19:22:14,2026-10-07 19:31:10,9,0,2026-10-07 19:31:10
1/2|ХАРКІВ-ПАС.@20261007-1819,1/2|ХАРКІВ-ПАС.,1/2,Харків-Пас.,Рахів,3,КИЇВ-ПАС.,21:17,0,forecast,,,60,22:17,2026-10-07 19:31:10,,,1,2026-10-07 19:31:10
1/2|ХАРКІВ-ПАС.@20261007-1819,1/2|ХАРКІВ-ПАС.,1/2,Харків-Пас.,Рахів,4,ЛЬВІВ,03:52,0,forecast,,,60,04:52,2026-10-07 19:31:10,,,1,2026-10-07 19:31:10
1/2|ХАРКІВ-ПАС.@20261007-1819,1/2|ХАРКІВ-ПАС.,1/2,Харків-Пас.,Рахів,5,ІВАНО-ФРАНКІВСЬК,06:17,0,forecast,,,60,07:17,2026-10-07 19:31:10,,,0,2026-10-07 19:31:10
1/2|ХАРКІВ-ПАС.@20261007-1819,1/2|ХАРКІВ-ПАС.,1/2,Харків-Пас.,Рахів,6,ЯРЕМЧЕ,07:58,0,forecast,,,60,08:58,2026-10-07 19:31:10,,,0,2026-10-07 19:31:10
1/2|ХАРКІВ-ПАС.@20261007-1819,1/2|ХАРКІВ-ПАС.,1/2,Харків-Пас.,Рахів,7,ТАТАРІВ-БУКОВЕЛЬ,08:23,0,forecast,,,60,09:23,2026-10-07 19:31:10,,,0,2026-10-07 19:31:10
1/2|ХАРКІВ-ПАС.@20261007-1819,1/2|ХАРКІВ-ПАС.,1/2,Харків-Пас.,Рахів,8,ВОРОХТА,08:37,0,forecast,,,60,09:37,2026-10-07 19:31:10,,,0,2026-10-07 19:31:10
1/2|ХАРКІВ-ПАС.@20261007-1819,1/2|ХАРКІВ-ПАС.,1/2,Харків-Пас.,Рахів,9,ЯСІНЯ,09:11,0,forecast,,,60,10:11,2026-10-07 19:31:10,,,0,2026-10-07 19:31:10
1/2|ХАРКІВ-ПАС.@20261007-1819,1/2|ХАРКІВ-ПАС.,1/2,Харків-Пас.,Рахів,10,КВАСИ,09:35,0,forecast,,,60,10:35,2026-10-07 19:31:10,,,0,2026-10-07 19:31:10
1/2|ХАРКІВ-ПАС.@20261007-1819,1/2|ХАРКІВ-ПАС.,1/2,Харків-Пас.,Рахів,11,РАХІВ,09:55,0,forecast,,,60,10:55,2026-10-07 19:31:10,,,0,2026-10-07 19:31:10
113/114|ХАРКІВ-ПАС.@20261007-1819,113/114|ХАРКІВ-ПАС.,113/114,Харків-Пас.,Ужгород,0,ХАРКІВ-ПАС.,,1,passed_no_fact,,,,,,2026-10-07 18:19:21,,1,2026-10-07 19:31:10
113/114|ХАРКІВ-ПАС.@20261007-1819,113/114|ХАРКІВ-ПАС.,113/114,Харків-Пас.,Ужгород,1,ЛЮБОТИН,00:29,1,fact,-4,00:25,,,,2026-10-07 18:19:21,,0,2026-10-07 19:31:10
113/114|ХАРКІВ-ПАС.@20261007-1819,113/114|ХАРКІВ-ПАС.,113/114,Харків-Пас.,Ужгород,2,ПОЛТАВА-КИЇВСЬКА,02:18,1,fact,-20,01:58,,,,2026-10-07 18:19:21,,1,2026-10-07 19:31:10
113/114|ХАРКІВ-ПАС.@20261007-1819,113/114|ХАРКІВ-ПАС.,113/114,Харків-Пас.,Ужгород,3,МИРГОРОД,03:53,1,fact,1,03:54,,,,2026-10-07 18:19:21,,0,2026-10-07 19:31:10
113/114|ХАРКІВ-ПАС.@20261007-1819,113/114|ХАРКІВ-ПАС.,113/114,Харків-Пас.,Ужгород,4,РОМОДАН,04:16,1,fact,4,04:20,,,,2026-10-07 18:19:21,,0,2026-10-07 19:31:10
113/114|ХАРКІВ-ПАС.@20261007-1819,113/114|ХАРКІВ-ПАС.,113/114,Харків-Пас.,Ужгород,5,ЛУБНИ,04:47,1,fact,14,05:01,,,,2026-10-07 18:19:21,,0,2026-10-07 19:31:10
113/114|ХАРКІВ-ПАС.@20261007-1819,113/114|ХАРКІВ-ПАС.,113/114,Харків-Пас.,Ужгород,6,ГРЕБІНКА,05:27,1,fact,9,05:36,,,,2026-10-07 18:19:21,,0,2026-10-07 19:31:10
113/114|ХАРКІВ-ПАС.@20261007-1819,113/114|ХАРКІВ-ПАС.,113/114,Харків-Пас.,Ужгород,7,БЕРЕЗАНЬ,06:18,1,fact,6,06:24,,,,2026-10-07 18:19:21,,0,2026-10-07 19:31:10
113/114|ХАРКІВ-ПАС.@20261007-1819,113/114|ХАРКІВ-ПАС.,113/114,Харків-Пас.,Ужгород,8,БОРИСПІЛЬ,06:42,1,fact,63,07:45,,,,2026-10-07 18:19:21,,0,2026-10-07 19:31:10
113/114|ХАРКІВ-ПАС.@20261007-1819,113/114|ХАРКІВ-ПАС.,113/114,Харків-Пас.,Ужгород,9,ДАРНИЦЯ,07:06,1,fact,66,08:12,,,,2026-10-07 18:19:21,,0,2026-10-07 19:31:10
113/114|ХАРКІВ-ПАС.@20261007-1819,113/114|ХАРКІВ-ПАС.,113/114,Харків-Пас.,Ужгород,10,КИЇВ-ПАС.,07:27,1,fact,71,08:38,,,,2026-10-07 18:19:21,,1,2026-10-07 19:31:10
113/114|ХАРКІВ-ПАС.@20261007-1819,113/114|ХАРКІВ-ПАС.,113/114,Харків-Пас.,Ужгород,11,ФАСТІВ-1,08:41,1,fact,101,10:22,,,,2026-10-07 18:19:21,,0,2026-10-07 19:31:10
113/114|ХАРКІВ-ПАС.@20261007-1819,113/114|ХАРКІВ-ПАС.,113/114,Харків-Пас.,Ужгород,12,ЖИТОМИР,10:20,1,fact,93,11:53,,,,2026-10-07 18:19:21,,0,2026-10-07 19:31:10
113/114|ХАРКІВ-ПАС.@20261007-1819,113/114|ХАРКІВ-ПАС.,113/114,Харків-Пас.,Ужгород,13,ЧУДНІВ-ВОЛИНСЬКИЙ,12:56,1,fact,50,13:46,,,,2026-10-07 18:19:21,,0,2026-10-07 19:31:10
113/114|ХАРКІВ-ПАС.@20261007-1819,113/114|ХАРКІВ-ПАС.,113/114,Харків-Пас.,Ужгород,14,ШЕПЕТІВКА,14:04,1,fact,42,14:46,,,,2026-10-07 18:19:21,,0,2026-10-07 19:31:10
113/114|ХАРКІВ-ПАС.@20261007-1819,113/114|ХАРКІВ-ПАС.,113/114,Харків-Пас.,Ужгород,15,ЗДОЛБУНІВ-ПАС.,15:07,1,fact,53,16:00,,,,2026-10-07 18:19:21,,0,2026-10-07 19:31:10
113/114|ХАРКІВ-ПАС.@20261007-1819,113/114|ХАРКІВ-ПАС.,113/114,Харків-Пас.,Ужгород,16,РІВНЕ,15:37,1,fact,38,16:15,,,,2026-10-07 18:19:21,,0,2026-10-07 19:31:10
113/114|ХАРКІВ-ПАС.@20261007-1819,113/114|ХАРКІВ-ПАС.,113/114,Харків-Пас.,Ужгород,17,КЛЕВАНЬ,15:58,1,fact,46,16:44,,,,2026-10-07 18:19:21,,0,2026-10-07 19:31:10
113/114|ХАРКІВ-ПАС.@20261007-1819,113/114|ХАРКІВ-ПАС.,113/114,Харків-Пас.,Ужгород,18,КІВЕРЦІ,17:24,1,fact,55,18:19,,,,2026-10-07 18:19:21,,0,2026-10-07 19:31:10
113/114|ХАРКІВ-ПАС.@20261007-1819,113/114|ХАРКІВ-ПАС.,113/114,Харків-Пас.,Ужгород,19,ЛУЦЬК,16:50,1,fact,55,17:45,,,,2026-10-07 18:19:21,,0,2026-10-07 19:31:10
113/114|ХАРКІВ-ПАС.@20261007-1819,113/114|ХАРКІВ-ПАС.,113/114,Харків-Пас.,Ужгород,20,РОЖИЩЕ,17:59,1,fact,57,18:56,55,18:54,2026-10-07 18:19:21,2026-10-07 18:45:51,26,0,2026-10-07 19:31:10
113/114|ХАРКІВ-ПАС.@20261007-1819,113/114|ХАРКІВ-ПАС.,113/114,Харків-Пас.,Ужгород,21,ЛЮБИТІВ,18:39,1,fact,49,19:28,55,19:46,2026-10-07 19:22:14,2026-10-07 19:31:10,9,0,2026-10-07 19:31:10
113/114|ХАРКІВ-ПАС.@20261007-1819,113/114|ХАРКІВ-ПАС.,113/114,Харків-Пас.,Ужгород,22,КОВЕЛЬ-ПАС.,18:51,1,passed_no_fact,,,55,20:29,2026-10-07 19:22:14,2026-10-07 19:31:10,9,0,2026-10-07 19:31:10
113/114|ХАРКІВ-ПАС.@20261007-1819,113/114|ХАРКІВ-ПАС.,113/114,Харків-Пас.,Ужгород,23,ТУРІЙСЬК,19:34,0,forecast,,,55,20:29,2026-10-07 19:31:10,,,0,2026-10-07 19:31:10
113/114|ХАРКІВ-ПАС.@20261007-1819,113/114|ХАРКІВ-ПАС.,113/114,Харків-Пас.,Ужгород,24,ВОЛОДИМИР,20:02,0,forecast,,,55,20:57,2026-10-07 19:31:10,,,0,2026-10-07 19:31:10
113/114|ХАРКІВ-ПАС.@20261007-1819,113/114|ХАРКІВ-ПАС.,113/114,Харків-Пас.,Ужгород,25,ІВАНИЧІ,20:37,0,forecast,,,55,21:32,2026-10-07 19:31:10,,,0,2026-10-07 19:31:10
113/114|ХАРКІВ-ПАС.@20261007-1819,113/114|ХАРКІВ-ПАС.,113/114,Харків-Пас.,Ужгород,26,СОКАЛЬ,21:05,0,forecast,,,55,22:00,2026-10-07 19:31:10,,,0,2026-10-07 19:31:10
113/114|ХАРКІВ-ПАС.@20261007-1819,113/114|ХАРКІВ-ПАС.,113/114,Харків-Пас.,Ужгород,27,ШЕПТИЦЬКИЙ,21:21,0,forecast,,,55,22:16,2026-10-07 19:31:10,,,0,2026-10-07 19:31:10
113/114|ХАРКІВ-ПАС.@20261007-1819,113/114|ХАРКІВ-ПАС.,113/114,Харків-Пас.,Ужгород,28,СОСНІВКА,21:47,0,forecast,,,55,22:42,2026-10-07 19:31:10,,,0,2026-10-07 19:31:10
113/114|ХАРКІВ-ПАС.@20261007-1819,113/114|ХАРКІВ-ПАС.,113/114,Харків-Пас.,Ужгород,29,ПІДЗАМЧЕ,23:00,0,forecast,,,55,23:55,2026-10-07 19:31:10,,,0,2026-10-07 19:31:10
113/114|ХАРКІВ-ПАС.@20261007-1819,113/114|ХАРКІВ-ПАС.,113/114,Харків-Пас.,Ужгород,30,ЛЬВІВ,23:18,0,forecast,,,55,00:13,2026-10-07 19:31:10,,,1,2026-10-07 19:31:10
113/114|ХАРКІВ-ПАС.@20261007-1819,113/114|ХАРКІВ-ПАС.,113/114,Харків-Пас.,Ужгород,31,СТРИЙ,00:51,0,forecast,,,55,01:46,2026-10-07 19:31:10,,,0,2026-10-07 19:31:10
113/114|ХАРКІВ-ПАС.@20261007-1819,113/114|ХАРКІВ-ПАС.,113/114,Харків-Пас.,Ужгород,32,СКОЛЕ,01:36,0,forecast,,,55,02:31,2026-10-07 19:31:10,,,0,2026-10-07 19:31:10
113/114|ХАРКІВ-ПАС.@20261007-1819,113/114|ХАРКІВ-ПАС.,113/114,Харків-Пас.,Ужгород,33,СЛАВСЬКО,02:12,0,forecast,,,55,03:07,2026-10-07 19:31:10,,,0,2026-10-07 19:31:10
113/114|ХАРКІВ-ПАС.@20261007-1819,113/114|ХАРКІВ-ПАС.,113/114,Харків-Пас.,Ужгород,34,ЛАВОЧНЕ,02:30,0,forecast,,,55,03:25,2026-10-07 19:31:10,,,0,2026-10-07 19:31:10
113/114|ХАРКІВ-ПАС.@20261007-1819,113/114|ХАРКІВ-ПАС.,113/114,Харків-Пас.,Ужгород,35,ВОЛОВЕЦЬ,03:17,0,forecast,,,55,04:12,2026-10-07 19:31:10,,,0,2026-10-07 19:31:10
113/114|ХАРКІВ-ПАС.@20261007-1819,113/114|ХАРКІВ-ПАС.,113/114,Харків-Пас.,Ужгород,36,СВАЛЯВА,03:59,0,forecast,,,55,04:54,2026-10-07 19:31:10,,,0,2026-10-07 19:31:10
113/114|ХАРКІВ-ПАС.@20261007-1819,113/114|ХАРКІВ-ПАС.,113/114,Харків-Пас.,Ужгород,37,КАРПАТИ,04:22,0,forecast,,,55,05:17,2026-10-07 19:31:10,,,0,2026-10-07 19:31:10
113/114|ХАРКІВ-ПАС.@20261007-1819,113/114|ХАРКІВ-ПАС.,113/114,Харків-Пас.,Ужгород,38,МУКАЧЕВО,04:41,0,forecast,,,55,05:36,2026-10-07 19:31:10,,,0,2026-10-07 19:31:10
113/114|ХАРКІВ-ПАС.@20261007-1819,113/114|ХАРКІВ-ПАС.,113/114,Харків-Пас.,Ужгород,39,БАТЬОВО-ПАС.,05:27,0,forecast,,,55,06:22,2026-10-07 19:31:10,,,0,2026-10-07 19:31:10
113/114|ХАРКІВ-ПАС.@20261007-1819,113/114|ХАРКІВ-ПАС.,113/114,Харків-Пас.,Ужгород,40,ЧОП,06:02,0,forecast,,,55,06:57,2026-10-07 19:31:10,,,0,2026-10-07 19:31:10
113/114|ХАРКІВ-ПАС.@20261007-1819,113/114|ХАРКІВ-ПАС.,113/114,Харків-Пас.,Ужгород,41,УЖГОРОД,06:51,0,forecast,,,55,07:46,2026-10-07 19:31:10,,,0,2026-10-07 19:31:10
119/120|ДНІПРО-ГОЛОВНИЙ@20261007-1819,119/120|ДНІПРО-ГОЛОВНИЙ,119/120,Дніпро-Головний,Хелм,0,ДНІПРО-ГОЛОВНИЙ,,1,passed_no_fact,,,,,,2026-10-07 18:19:21,,1,2026-10-07 19:01:26
119/120|ДНІПРО-ГОЛОВНИЙ@20261007-1819,119/120|ДНІПРО-ГОЛОВНИЙ,119/120,Дніпро-Головний,Хелм,1,КАМ'ЯНСЬКЕ-ПАС.,20:33,1,passed_no_fact,,,,,,2026-10-07 18:19:21,,0,2026-10-07 19:01:26
119/120|ДНІПРО-ГОЛОВНИЙ@20261007-1819,119/120|ДНІПРО-ГОЛОВНИЙ,119/120,Дніпро-Головний,Хелм,2,ВІЛЬНОГІРСЬК,21:28,1,fact,-1,21:27,,,,2026-10-07 18:19:21,,0,2026-10-07 19:01:26
119/120|ДНІПРО-ГОЛОВНИЙ@20261007-1819,119/120|ДНІПРО-ГОЛОВНИЙ,119/120,Дніпро-Головний,Хелм,3,П'ЯТИХАТКИ,22:00,1,passed_no_fact,,,,,,2026-10-07 18:19:21,,0,2026-10-07 19:01:26
119/120|ДНІПРО-ГОЛОВНИЙ@20261007-1819,119/120|ДНІПРО-ГОЛОВНИЙ,119/120,Дніпро-Головний,Хелм,4,ОЛЕКСАНДРІЯ,23:39,1,fact,-5,23:34,,,,2026-10-07 18:19:21,,0,2026-10-07 19:01:26
119/120|ДНІПРО-ГОЛОВНИЙ@20261007-1819,119/120|ДНІПРО-ГОЛОВНИЙ,119/120,Дніпро-Головний,Хелм,5,ЗНАМ'ЯНКА-ПАС.,00:28,1,fact,-6,00:22,,,,2026-10-07 18:19:21,,0,2026-10-07 19:01:26
119/120|ДНІПРО-ГОЛОВНИЙ@20261007-1819,119/120|ДНІПРО-ГОЛОВНИЙ,119/120,Дніпро-Головний,Хелм,6,ІМ.ТАРАСА ШЕВЧЕНКА,02:25,1,fact,-7,02:18,,,,2026-10-07 18:19:21,,0,2026-10-07 19:01:26
119/120|ДНІПРО-ГОЛОВНИЙ@20261007-1819,119/120|ДНІПРО-ГОЛОВНИЙ,119/120,Дніпро-Головний,Хелм,7,ЦВІТКОВЕ,03:19,1,fact,-7,03:12,,,,2026-10-07 18:19:21,,0,2026-10-07 19:01:26
119/120|ДНІПРО-ГОЛОВНИЙ@20261007-1819,119/120|ДНІПРО-ГОЛОВНИЙ,119/120,Дніпро-Головний,Хелм,8,ОЗЕРНИЙ,05:19,1,fact,-7,05:12,,,,2026-10-07 18:19:21,,0,2026-10-07 19:01:26
119/120|ДНІПРО-ГОЛОВНИЙ@20261007-1819,119/120|ДНІПРО-ГОЛОВНИЙ,119/120,Дніпро-Головний,Хелм,9,ПІДГІРЦІ,05:41,1,fact,39,06:20,,,,2026-10-07 18:19:21,,0,2026-10-07 19:01:26
119/120|ДНІПРО-ГОЛОВНИЙ@20261007-1819,119/120|ДНІПРО-ГОЛОВНИЙ,119/120,Дніпро-Головний,Хелм,10,ВИДУБИЧІ-ТРИПІЛЬСЬКІ,05:54,1,passed_no_fact,,,,,,2026-10-07 18:19:21,,0,2026-10-07 19:01:26
119/120|ДНІПРО-ГОЛОВНИЙ@20261007-1819,119/120|ДНІПРО-ГОЛОВНИЙ,119/120,Дніпро-Головний,Хелм,11,КИЇВ-ПАС.,06:10,1,fact,91,07:41,,,,2026-10-07 18:19:21,,1,2026-10-07 19:01:26
119/120|ДНІПРО-ГОЛОВНИЙ@20261007-1819,119/120|ДНІПРО-ГОЛОВНИЙ,119/120,Дніпро-Головний,Хелм,12,РІВНЕ,12:27,1,fact,115,14:22,,,,2026-10-07 18:19:21,,0,2026-10-07 19:01:26
119/120|ДНІПРО-ГОЛОВНИЙ@20261007-1819,119/120|ДНІПРО-ГОЛОВНИЙ,119/120,Дніпро-Головний,Хелм,13,ЛЮБИТІВ,13:56,1,fact,120,15:56,,,,2026-10-07 18:19:21,,0,2026-10-07 19:01:26
119/120|ДНІПРО-ГОЛОВНИЙ@20261007-1819,119/120|ДНІПРО-ГОЛОВНИЙ,119/120,Дніпро-Головний,Хелм,14,КОВЕЛЬ-ПАС.,14:06,1,fact,122,16:08,,,,2026-10-07 18:19:21,,0,2026-10-07 19:01:26
119/120|ДНІПРО-ГОЛОВНИЙ@20261007-1819,119/120|ДНІПРО-ГОЛОВНИЙ,119/120,Дніпро-Головний,Хелм,15,ЯГОДИН,15:16,1,fact,116,17:12,115,20:47,2026-10-07 18:19:21,2026-10-07 18:45:51,26,0,2026-10-07 19:01:26
119/120|ДНІПРО-ГОЛОВНИЙ@20261007-1819,119/120|ДНІПРО-ГОЛОВНИЙ,119/120,Дніпро-Головний,Хелм,16,ХЕЛМ,18:52,0,forecast,,,101,20:33,2026-10-07 19:01:26,,,0,2026-10-07 19:01:26
127/128|ДНІПРО-ГОЛОВНИЙ@20261007-1819,127/128|ДНІПРО-ГОЛОВНИЙ,127/128,Дніпро-Головний,Львів,0,ДНІПРО-ГОЛОВНИЙ,,1,fact,73,,,,,2026-10-07 19:01:26,,1,2026-10-07 19:31:10
127/128|ДНІПРО-ГОЛОВНИЙ@20261007-1819,127/128|ДНІПРО-ГОЛОВНИЙ,127/128,Дніпро-Головний,Львів,1,КАМ'ЯНСЬКЕ-ПАС.,18:00,1,fact,66,19:06,,,,2026-10-07 19:01:26,,0,2026-10-07 19:31:10
127/128|ДНІПРО-ГОЛОВНИЙ@20261007-1819,127/128|ДНІПРО-ГОЛОВНИЙ,127/128,Дніпро-Головний,Львів,2,ВЕРХІВЦЕВЕ,18:37,1,passed_no_fact,,,70,19:47,2026-10-07 19:01:26,2026-10-07 19:22:14,21,0,2026-10-07 19:31:10
127/128|ДНІПРО-ГОЛОВНИЙ@20261007-1819,127/128|ДНІПРО-ГОЛОВНИЙ,127/128,Дніпро-Головний,Львів,3,П'ЯТИХАТКИ,19:28,0,forecast,,,70,20:38,2026-10-07 19:31:10,,,0,2026-10-07 19:31:10
127/128|ДНІПРО-ГОЛОВНИЙ@20261007-1819,127/128|ДНІПРО-ГОЛОВНИЙ,127/128,Дніпро-Головний,Львів,4,ОЛЕКСАНДРІЯ,21:00,0,forecast,,,70,22:10,2026-10-07 19:31:10,,,0,2026-10-07 19:31:10
127/128|ДНІПРО-ГОЛОВНИЙ@20261007-1819,127/128|ДНІПРО-ГОЛОВНИЙ,127/128,Дніпро-Головний,Львів,5,КОРИСТІВКА,21:12,0,forecast,,,70,22:22,2026-10-07 19:31:10,,,0,2026-10-07 19:31:10
127/128|ДНІПРО-ГОЛОВНИЙ@20261007-1819,127/128|ДНІПРО-ГОЛОВНИЙ,127/128,Дніпро-Головний,Львів,6,ЗНАМ'ЯНКА-ПАС.,21:45,0,forecast,,,70,22:55,2026-10-07 19:31:10,,,0,2026-10-07 19:31:10
127/128|ДНІПРО-ГОЛОВНИЙ@20261007-1819,127/128|ДНІПРО-ГОЛОВНИЙ,127/128,Дніпро-Головний,Львів,7,КРОПИВНИЦЬКИЙ,22:52,0,forecast,,,70,00:02,2026-10-07 19:31:10,,,0,2026-10-07 19:31:10
127/128|ДНІПРО-ГОЛОВНИЙ@20261007-1819,127/128|ДНІПРО-ГОЛОВНИЙ,127/128,Дніпро-Головний,Львів,8,ПЛЕТЕНИЙ ТАШЛИК,23:32,0,forecast,,,70,00:42,2026-10-07 19:31:10,,,0,2026-10-07 19:31:10
127/128|ДНІПРО-ГОЛОВНИЙ@20261007-1819,127/128|ДНІПРО-ГОЛОВНИЙ,127/128,Дніпро-Головний,Львів,9,НОВОУКРАЇНКА,23:52,0,forecast,,,70,01:02,2026-10-07 19:31:10,,,0,2026-10-07 19:31:10
127/128|ДНІПРО-ГОЛОВНИЙ@20261007-1819,127/128|ДНІПРО-ГОЛОВНИЙ,127/128,Дніпро-Головний,Львів,10,ПОМІЧНА,00:10,0,forecast,,,70,01:20,2026-10-07 19:31:10,,,0,2026-10-07 19:31:10
127/128|ДНІПРО-ГОЛОВНИЙ@20261007-1819,127/128|ДНІПРО-ГОЛОВНИЙ,127/128,Дніпро-Головний,Львів,11,ГОЛТА,01:17,0,forecast,,,70,02:27,2026-10-07 19:31:10,,,0,2026-10-07 19:31:10
127/128|ДНІПРО-ГОЛОВНИЙ@20261007-1819,127/128|ДНІПРО-ГОЛОВНИЙ,127/128,Дніпро-Головний,Львів,12,ВРАДІЇВКА,01:56,0,forecast,,,70,03:06,2026-10-07 19:31:10,,,0,2026-10-07 19:31:10
127/128|ДНІПРО-ГОЛОВНИЙ@20261007-1819,127/128|ДНІПРО-ГОЛОВНИЙ,127/128,Дніпро-Головний,Львів,13,ЛЮБАШІВКА,02:25,0,forecast,,,70,03:35,2026-10-07 19:31:10,,,0,2026-10-07 19:31:10
127/128|ДНІПРО-ГОЛОВНИЙ@20261007-1819,127/128|ДНІПРО-ГОЛОВНИЙ,127/128,Дніпро-Головний,Львів,14,БАЛТА,03:26,0,forecast,,,70,04:36,2026-10-07 19:31:10,,,0,2026-10-07 19:31:10
127/128|ДНІПРО-ГОЛОВНИЙ@20261007-1819,127/128|ДНІПРО-ГОЛОВНИЙ,127/128,Дніпро-Головний,Львів,15,СЛОБІДКА,04:02,0,forecast,,,70,05:12,2026-10-07 19:31:10,,,0,2026-10-07 19:31:10
127/128|ДНІПРО-ГОЛОВНИЙ@20261007-1819,127/128|ДНІПРО-ГОЛОВНИЙ,127/128,Дніпро-Головний,Львів,16,КОДИМА,04:30,0,forecast,,,70,05:40,2026-10-07 19:31:10,,,0,2026-10-07 19:31:10
127/128|ДНІПРО-ГОЛОВНИЙ@20261007-1819,127/128|ДНІПРО-ГОЛОВНИЙ,127/128,Дніпро-Головний,Львів,17,КРИЖОПІЛЬ,05:02,0,forecast,,,70,06:12,2026-10-07 19:31:10,,,0,2026-10-07 19:31:10
127/128|ДНІПРО-ГОЛОВНИЙ@20261007-1819,127/128|ДНІПРО-ГОЛОВНИЙ,127/128,Дніпро-Головний,Львів,18,ВАПНЯРКА,05:23,0,forecast,,,70,06:33,2026-10-07 19:31:10,,,0,2026-10-07 19:31:10
127/128|ДНІПРО-ГОЛОВНИЙ@20261007-1819,127/128|ДНІПРО-ГОЛОВНИЙ,127/128,Дніпро-Головний,Львів,19,ЖМЕРИНКА-ПАС.,06:32,0,forecast,,,70,07:42,2026-10-07 19:31:10,,,0,2026-10-07 19:31:10
127/128|ДНІПРО-ГОЛОВНИЙ@20261007-1819,127/128|ДНІПРО-ГОЛОВНИЙ,127/128,Дніпро-Головний,Львів,20,ДЕРАЖНЯ,07:47,0,forecast,,,70,08:57,2026-10-07 19:31:10,,,0,2026-10-07 19:31:10
127/128|ДНІПРО-ГОЛОВНИЙ@20261007-1819,127/128|ДНІПРО-ГОЛОВНИЙ,127/128,Дніпро-Головний,Львів,21,ХМЕЛЬНИЦЬКИЙ,08:21,0,forecast,,,70,09:31,2026-10-07 19:31:10,,,0,2026-10-07 19:31:10
127/128|ДНІПРО-ГОЛОВНИЙ@20261007-1819,127/128|ДНІПРО-ГОЛОВНИЙ,127/128,Дніпро-Головний,Львів,22,ВОЛОЧИСЬК,09:21,0,forecast,,,70,10:31,2026-10-07 19:31:10,,,0,2026-10-07 19:31:10
127/128|ДНІПРО-ГОЛОВНИЙ@20261007-1819,127/128|ДНІПРО-ГОЛОВНИЙ,127/128,Дніпро-Головний,Львів,23,ТЕРНОПІЛЬ-ПАС.,10:18,0,forecast,,,70,11:28,2026-10-07 19:31:10,,,0,2026-10-07 19:31:10
127/128|ДНІПРО-ГОЛОВНИЙ@20261007-1819,127/128|ДНІПРО-ГОЛОВНИЙ,127/128,Дніпро-Головний,Львів,24,ЗЛОЧІВ,11:17,0,forecast,,,70,12:27,2026-10-07 19:31:10,,,0,2026-10-07 19:31:10
127/128|ДНІПРО-ГОЛОВНИЙ@20261007-1819,127/128|ДНІПРО-ГОЛОВНИЙ,127/128,Дніпро-Головний,Львів,25,КРАСНЕ,11:42,0,forecast,,,70,12:52,2026-10-07 19:31:10,,,0,2026-10-07 19:31:10
127/128|ДНІПРО-ГОЛОВНИЙ@20261007-1819,127/128|ДНІПРО-ГОЛОВНИЙ,127/128,Дніпро-Головний,Львів,26,ПІДЗАМЧЕ,12:15,0,forecast,,,70,13:25,2026-10-07 19:31:10,,,0,2026-10-07 19:31:10
127/128|ДНІПРО-ГОЛОВНИЙ@20261007-1819,127/128|ДНІПРО-ГОЛОВНИЙ,127/128,Дніпро-Головний,Львів,27,ЛЬВІВ,12:29,0,forecast,,,70,13:39,2026-10-07 19:31:10,,,1,2026-10-07 19:31:10
143/144|ЯСІНЯ@20261007-1819,143/144|ЯСІНЯ,143/144,Ясіня,Конотоп-Пас.,0,ЯСІНЯ,,1,fact,33,,,,,2026-10-07 18:19:21,,0,2026-10-07 19:31:10
143/144|ЯСІНЯ@20261007-1819,143/144|ЯСІНЯ,143/144,Ясіня,Конотоп-Пас.,1,ВОРОХТА,14:41,1,fact,32,15:13,,,,2026-10-07 18:19:21,,0,2026-10-07 19:31:10
143/144|ЯСІНЯ@20261007-1819,143/144|ЯСІНЯ,143/144,Ясіня,Конотоп-Пас.,2,ТАТАРІВ-БУКОВЕЛЬ,14:53,1,passed_no_fact,,,,,,2026-10-07 18:19:21,,0,2026-10-07 19:31:10
143/144|ЯСІНЯ@20261007-1819,143/144|ЯСІНЯ,143/144,Ясіня,Конотоп-Пас.,3,ЯРЕМЧЕ,15:17,1,fact,34,15:51,,,,2026-10-07 18:19:21,,0,2026-10-07 19:31:10
143/144|ЯСІНЯ@20261007-1819,143/144|ЯСІНЯ,143/144,Ясіня,Конотоп-Пас.,4,ІВАНО-ФРАНКІВСЬК,16:23,1,fact,31,16:54,,,,2026-10-07 18:19:21,,0,2026-10-07 19:31:10
143/144|ЯСІНЯ@20261007-1819,143/144|ЯСІНЯ,143/144,Ясіня,Конотоп-Пас.,5,БУРШТИН,17:10,1,fact,24,17:34,,,,2026-10-07 18:19:21,,0,2026-10-07 19:31:10
143/144|ЯСІНЯ@20261007-1819,143/144|ЯСІНЯ,143/144,Ясіня,Конотоп-Пас.,6,БУКАЧІВЦІ,17:21,1,fact,25,17:46,,,,2026-10-07 18:19:21,,0,2026-10-07 19:31:10
143/144|ЯСІНЯ@20261007-1819,143/144|ЯСІНЯ,143/144,Ясіня,Конотоп-Пас.,7,ХОДОРІВ,17:38,1,fact,30,18:08,,,,2026-10-07 18:19:21,,0,2026-10-07 19:31:10
143/144|ЯСІНЯ@20261007-1819,143/144|ЯСІНЯ,143/144,Ясіня,Конотоп-Пас.,8,ЛЬВІВ,18:37,1,fact,27,19:04,29,19:06,2026-10-07 19:01:26,2026-10-07 19:22:14,21,1,2026-10-07 19:31:10
143/144|ЯСІНЯ@20261007-1819,143/144|ЯСІНЯ,143/144,Ясіня,Конотоп-Пас.,9,ПІДЗАМЧЕ,19:09,0,forecast,,,29,19:38,2026-10-07 19:31:10,,,0,2026-10-07 19:31:10
143/144|ЯСІНЯ@20261007-1819,143/144|ЯСІНЯ,143/144,Ясіня,Конотоп-Пас.,10,ТЕРНОПІЛЬ-ПАС.,21:01,0,forecast,,,29,21:30,2026-10-07 19:31:10,,,0,2026-10-07 19:31:10
143/144|ЯСІНЯ@20261007-1819,143/144|ЯСІНЯ,143/144,Ясіня,Конотоп-Пас.,11,ПІДВОЛОЧИСЬК,21:54,0,forecast,,,29,22:23,2026-10-07 19:31:10,,,0,2026-10-07 19:31:10
143/144|ЯСІНЯ@20261007-1819,143/144|ЯСІНЯ,143/144,Ясіня,Конотоп-Пас.,12,ХМЕЛЬНИЦЬКИЙ,22:46,0,forecast,,,29,23:15,2026-10-07 19:31:10,,,0,2026-10-07 19:31:10
143/144|ЯСІНЯ@20261007-1819,143/144|ЯСІНЯ,143/144,Ясіня,Конотоп-Пас.,13,ВІННИЦЯ,01:02,0,forecast,,,29,01:31,2026-10-07 19:31:10,,,0,2026-10-07 19:31:10
143/144|ЯСІНЯ@20261007-1819,143/144|ЯСІНЯ,143/144,Ясіня,Конотоп-Пас.,14,КОЗЯТИН-1,02:02,0,forecast,,,29,02:31,2026-10-07 19:31:10,,,0,2026-10-07 19:31:10
143/144|ЯСІНЯ@20261007-1819,143/144|ЯСІНЯ,143/144,Ясіня,Конотоп-Пас.,15,КИЇВ-ПАС.,04:29,0,forecast,,,29,04:58,2026-10-07 19:31:10,,,1,2026-10-07 19:31:10
143/144|ЯСІНЯ@20261007-1819,143/144|ЯСІНЯ,143/144,Ясіня,Конотоп-Пас.,16,ДАРНИЦЯ,05:16,0,forecast,,,29,05:45,2026-10-07 19:31:10,,,0,2026-10-07 19:31:10
143/144|ЯСІНЯ@20261007-1819,143/144|ЯСІНЯ,143/144,Ясіня,Конотоп-Пас.,17,БРОВАРИ,05:38,0,forecast,,,29,06:07,2026-10-07 19:31:10,,,0,2026-10-07 19:31:10
143/144|ЯСІНЯ@20261007-1819,143/144|ЯСІНЯ,143/144,Ясіня,Конотоп-Пас.,18,НІЖИН,07:17,0,forecast,,,29,07:46,2026-10-07 19:31:10,,,0,2026-10-07 19:31:10
143/144|ЯСІНЯ@20261007-1819,143/144|ЯСІНЯ,143/144,Ясіня,Конотоп-Пас.,19,БАХМАЧ-ПАС.,08:27,0,forecast,,,29,08:56,2026-10-07 19:31:10,,,0,2026-10-07 19:31:10
143/144|ЯСІНЯ@20261007-1819,143/144|ЯСІНЯ,143/144,Ясіня,Конотоп-Пас.,20,КОНОТОП-ПАС.,09:40,0,forecast,,,29,10:09,2026-10-07 19:31:10,,,0,2026-10-07 19:31:10
21/22|ЛЬВІВ@20261007-1845,21/22|ЛЬВІВ,21/22,Львів,Харків-Пас.,0,ЛЬВІВ,17:45,1,fact,60,,,,,2026-10-07 18:45:51,,1,2026-10-07 19:31:10
21/22|ЛЬВІВ@20261007-1845,21/22|ЛЬВІВ,21/22,Львів,Харків-Пас.,1,КРАСНЕ,18:29,1,fact,53,19:22,45,19:14,2026-10-07 18:45:51,2026-10-07 19:01:26,16,0,2026-10-07 19:31:10
21/22|ЛЬВІВ@20261007-1845,21/22|ЛЬВІВ,21/22,Львів,Харків-Пас.,2,ЗЛОЧІВ,18:55,1,passed_no_fact,,,56,19:51,2026-10-07 19:22:14,2026-10-07 19:31:10,9,0,2026-10-07 19:31:10
21/22|ЛЬВІВ@20261007-1845,21/22|ЛЬВІВ,21/22,Львів,Харків-Пас.,3,ТЕРНОПІЛЬ-ПАС.,19:53,0,forecast,,,56,20:49,2026-10-07 19:31:10,,,0,2026-10-07 19:31:10
21/22|ЛЬВІВ@20261007-1845,21/22|ЛЬВІВ,21/22,Львів,Харків-Пас.,4,ХМЕЛЬНИЦЬКИЙ,21:42,0,forecast,,,56,22:38,2026-10-07 19:31:10,,,0,2026-10-07 19:31:10
21/22|ЛЬВІВ@20261007-1845,21/22|ЛЬВІВ,21/22,Львів,Харків-Пас.,5,ВІННИЦЯ,23:39,0,forecast,,,56,00:35,2026-10-07 19:31:10,,,0,2026-10-07 19:31:10
21/22|ЛЬВІВ@20261007-1845,21/22|ЛЬВІВ,21/22,Львів,Харків-Пас.,6,КОЗЯТИН-1,00:27,0,forecast,,,56,01:23,2026-10-07 19:31:10,,,0,2026-10-07 19:31:10
21/22|ЛЬВІВ@20261007-1845,21/22|ЛЬВІВ,21/22,Львів,Харків-Пас.,7,КИЇВ-ПАС.,02:21,0,forecast,,,56,03:17,2026-10-07 19:31:10,,,1,2026-10-07 19:31:10
21/22|ЛЬВІВ@20261007-1845,21/22|ЛЬВІВ,21/22,Львів,Харків-Пас.,8,ЛУБНИ,04:55,0,forecast,,,56,05:51,2026-10-07 19:31:10,,,0,2026-10-07 19:31:10
21/22|ЛЬВІВ@20261007-1845,21/22|ЛЬВІВ,21/22,Львів,Харків-Пас.,9,РОМОДАН,05:20,0,forecast,,,56,06:16,2026-10-07 19:31:10,,,0,2026-10-07 19:31:10
21/22|ЛЬВІВ@20261007-1845,21/22|ЛЬВІВ,21/22,Львів,Харків-Пас.,10,МИРГОРОД,05:45,0,forecast,,,56,06:41,2026-10-07 19:31:10,,,0,2026-10-07 19:31:10
21/22|ЛЬВІВ@20261007-1845,21/22|ЛЬВІВ,21/22,Львів,Харків-Пас.,11,ПОЛТАВА-КИЇВСЬКА,06:55,0,forecast,,,56,07:51,2026-10-07 19:31:10,,,1,2026-10-07 19:31:10
21/22|ЛЬВІВ@20261007-1845,21/22|ЛЬВІВ,21/22,Львів,Харків-Пас.,12,ЛЮБОТИН,08:54,0,forecast,,,56,09:50,2026-10-07 19:31:10,,,0,2026-10-07 19:31:10
21/22|ЛЬВІВ@20261007-1845,21/22|ЛЬВІВ,21/22,Львів,Харків-Пас.,13,ХАРКІВ-ПАС.,09:24,0,forecast,,,56,10:20,2026-10-07 19:31:10,,,1,2026-10-07 19:31:10
261/262|ДНІПРО-ГОЛОВНИЙ@20261007-1819,261/262|ДНІПРО-ГОЛОВНИЙ,261/262,Дніпро-Головний,Чернівці,0,ДНІПРО-ГОЛОВНИЙ,,1,fact,105,,,,,2026-10-07 18:19:21,,1,2026-10-07 19:31:10
261/262|ДНІПРО-ГОЛОВНИЙ@20261007-1819,261/262|ДНІПРО-ГОЛОВНИЙ,261/262,Дніпро-Головний,Чернівці,1,КАМ'ЯНСЬКЕ-ПАС.,15:32,1,fact,112,17:24,,,,2026-10-07 18:19:21,,0,2026-10-07 19:31:10
261/262|ДНІПРО-ГОЛОВНИЙ@20261007-1819,261/262|ДНІПРО-ГОЛОВНИЙ,261/262,Дніпро-Головний,Чернівці,2,ВЕРХНЬОДНІПРОВСЬК,15:51,1,fact,116,17:47,,,,2026-10-07 18:19:21,,1,2026-10-07 19:31:10
261/262|ДНІПРО-ГОЛОВНИЙ@20261007-1819,261/262|ДНІПРО-ГОЛОВНИЙ,261/262,Дніпро-Головний,Чернівці,3,ВІЛЬНОГІРСЬК,16:17,1,fact,145,18:42,,,,2026-10-07 18:19:21,,0,2026-10-07 19:31:10
261/262|ДНІПРО-ГОЛОВНИЙ@20261007-1819,261/262|ДНІПРО-ГОЛОВНИЙ,261/262,Дніпро-Головний,Чернівці,4,П'ЯТИХАТКИ,16:40,1,passed_no_fact,,,,,,2026-10-07 18:19:21,,0,2026-10-07 19:31:10
261/262|ДНІПРО-ГОЛОВНИЙ@20261007-1819,261/262|ДНІПРО-ГОЛОВНИЙ,261/262,Дніпро-Головний,Чернівці,5,ОЛЕКСАНДРІЯ,17:57,1,passed_no_fact,,,113,19:50,2026-10-07 18:19:21,2026-10-07 18:45:51,26,0,2026-10-07 19:31:10
261/262|ДНІПРО-ГОЛОВНИЙ@20261007-1819,261/262|ДНІПРО-ГОЛОВНИЙ,261/262,Дніпро-Головний,Чернівці,6,ЗНАМ'ЯНКА-ПАС.,18:38,1,passed_no_fact,,,122,20:40,2026-10-07 19:01:26,2026-10-07 19:22:14,21,0,2026-10-07 19:31:10
261/262|ДНІПРО-ГОЛОВНИЙ@20261007-1819,261/262|ДНІПРО-ГОЛОВНИЙ,261/262,Дніпро-Головний,Чернівці,7,ІМ.ТАРАСА ШЕВЧЕНКА,19:50,0,forecast,,,147,22:17,2026-10-07 19:31:10,,,0,2026-10-07 19:31:10
261/262|ДНІПРО-ГОЛОВНИЙ@20261007-1819,261/262|ДНІПРО-ГОЛОВНИЙ,261/262,Дніпро-Головний,Чернівці,8,БІЛА ЦЕРКВА,22:26,0,forecast,,,147,00:53,2026-10-07 19:31:10,,,0,2026-10-07 19:31:10
261/262|ДНІПРО-ГОЛОВНИЙ@20261007-1819,261/262|ДНІПРО-ГОЛОВНИЙ,261/262,Дніпро-Головний,Чернівці,9,ЛЬВІВ,04:50,0,forecast,,,147,07:17,2026-10-07 19:31:10,,,1,2026-10-07 19:31:10
261/262|ДНІПРО-ГОЛОВНИЙ@20261007-1819,261/262|ДНІПРО-ГОЛОВНИЙ,261/262,Дніпро-Головний,Чернівці,10,ХОДОРІВ,06:18,0,forecast,,,147,08:45,2026-10-07 19:31:10,,,0,2026-10-07 19:31:10
261/262|ДНІПРО-ГОЛОВНИЙ@20261007-1819,261/262|ДНІПРО-ГОЛОВНИЙ,261/262,Дніпро-Головний,Чернівці,11,ІВАНО-ФРАНКІВСЬК,07:27,0,forecast,,,147,09:54,2026-10-07 19:31:10,,,0,2026-10-07 19:31:10
261/262|ДНІПРО-ГОЛОВНИЙ@20261007-1819,261/262|ДНІПРО-ГОЛОВНИЙ,261/262,Дніпро-Головний,Чернівці,12,КОЛОМИЯ,08:31,0,forecast,,,147,10:58,2026-10-07 19:31:10,,,0,2026-10-07 19:31:10
261/262|ДНІПРО-ГОЛОВНИЙ@20261007-1819,261/262|ДНІПРО-ГОЛОВНИЙ,261/262,Дніпро-Головний,Чернівці,13,СНЯТИН,09:03,0,forecast,,,147,11:30,2026-10-07 19:31:10,,,0,2026-10-07 19:31:10
261/262|ДНІПРО-ГОЛОВНИЙ@20261007-1819,261/262|ДНІПРО-ГОЛОВНИЙ,261/262,Дніпро-Головний,Чернівці,14,ЧЕРНІВЦІ,09:38,0,forecast,,,147,12:05,2026-10-07 19:31:10,,,0,2026-10-07 19:31:10
293/294|ВОРОХТА@20261007-1819,293/294|ВОРОХТА,293/294,Ворохта,Кривий Ріг-Головний,0,ВОРОХТА,,1,fact,38,,,,,2026-10-07 18:19:21,,0,2026-10-07 18:45:51
293/294|ВОРОХТА@20261007-1819,293/294|ВОРОХТА,293/294,Ворохта,Кривий Ріг-Головний,1,ТАТАРІВ-БУКОВЕЛЬ,16:50,1,passed_no_fact,,,,,,2026-10-07 18:19:21,,0,2026-10-07 18:45:51
293/294|ВОРОХТА@20261007-1819,293/294|ВОРОХТА,293/294,Ворохта,Кривий Ріг-Головний,2,МИКУЛИЧИН,17:05,1,fact,35,17:40,,,,2026-10-07 18:19:21,,0,2026-10-07 18:45:51
293/294|ВОРОХТА@20261007-1819,293/294|ВОРОХТА,293/294,Ворохта,Кривий Ріг-Головний,3,ЯРЕМЧЕ,17:19,1,fact,33,17:52,,,,2026-10-07 18:19:21,,0,2026-10-07 18:45:51
293/294|ВОРОХТА@20261007-1819,293/294|ВОРОХТА,293/294,Ворохта,Кривий Ріг-Головний,4,ІВАНО-ФРАНКІВСЬК,18:29,0,forecast,,,27,18:56,2026-10-07 18:45:51,,,0,2026-10-07 18:45:51
293/294|ВОРОХТА@20261007-1819,293/294|ВОРОХТА,293/294,Ворохта,Кривий Ріг-Головний,5,ЛЬВІВ,21:42,0,forecast,,,27,22:09,2026-10-07 18:45:51,,,1,2026-10-07 18:45:51
293/294|ВОРОХТА@20261007-1819,293/294|ВОРОХТА,293/294,Ворохта,Кривий Ріг-Головний,6,БІЛА ЦЕРКВА,04:13,0,forecast,,,27,04:40,2026-10-07 18:45:51,,,0,2026-10-07 18:45:51
293/294|ВОРОХТА@20261007-1819,293/294|ВОРОХТА,293/294,Ворохта,Кривий Ріг-Головний,7,ІМ.ТАРАСА ШЕВЧЕНКА,06:38,0,forecast,,,27,07:05,2026-10-07 18:45:51,,,0,2026-10-07 18:45:51
293/294|ВОРОХТА@20261007-1819,293/294|ВОРОХТА,293/294,Ворохта,Кривий Ріг-Головний,8,ДОЛИНСЬКА,09:03,0,forecast,,,27,09:30,2026-10-07 18:45:51,,,0,2026-10-07 18:45:51
293/294|ВОРОХТА@20261007-1819,293/294|ВОРОХТА,293/294,Ворохта,Кривий Ріг-Головний,9,КРИВИЙ РІГ-ГОЛОВНИЙ,10:50,0,forecast,,,27,11:17,2026-10-07 18:45:51,,,0,2026-10-07 18:45:51
3/4|ДНІПРО-ГОЛОВНИЙ@20261007-1819,3/4|ДНІПРО-ГОЛОВНИЙ,3/4,Дніпро-Головний,Ужгород,0,ДНІПРО-ГОЛОВНИЙ,,1,fact,266,,,,,2026-10-07 19:01:26,,1,2026-10-07 19:31:10
3/4|ДНІПРО-ГОЛОВНИЙ@20261007-1819,3/4|ДНІПРО-ГОЛОВНИЙ,3/4,Дніпро-Головний,Ужгород,1,КАМ'ЯНСЬКЕ-ПАС.,14:54,1,fact,262,19:16,,,,2026-10-07 19:01:26,,0,2026-10-07 19:31:10
3/4|ДНІПРО-ГОЛОВНИЙ@20261007-1819,3/4|ДНІПРО-ГОЛОВНИЙ,3/4,Дніпро-Головний,Ужгород,2,П'ЯТИХАТКИ,15:58,1,passed_no_fact,,,,,,2026-10-07 19:01:26,,0,2026-10-07 19:31:10
3/4|ДНІПРО-ГОЛОВНИЙ@20261007-1819,3/4|ДНІПРО-ГОЛОВНИЙ,3/4,Дніпро-Головний,Ужгород,3,ОЛЕКСАНДРІЯ,17:16,1,passed_no_fact,,,,,,2026-10-07 19:01:26,,0,2026-10-07 19:31:10
3/4|ДНІПРО-ГОЛОВНИЙ@20261007-1819,3/4|ДНІПРО-ГОЛОВНИЙ,3/4,Дніпро-Головний,Ужгород,4,ЗНАМ'ЯНКА-ПАС.,17:55,1,passed_no_fact,,,,,,2026-10-07 19:01:26,,0,2026-10-07 19:31:10
3/4|ДНІПРО-ГОЛОВНИЙ@20261007-1819,3/4|ДНІПРО-ГОЛОВНИЙ,3/4,Дніпро-Головний,Ужгород,5,ІМ.ТАРАСА ШЕВЧЕНКА,20:37,0,forecast,,,263,01:00,2026-10-07 19:31:10,,,0,2026-10-07 19:31:10
3/4|ДНІПРО-ГОЛОВНИЙ@20261007-1819,3/4|ДНІПРО-ГОЛОВНИЙ,3/4,Дніпро-Головний,Ужгород,6,БІЛА ЦЕРКВА,23:15,0,forecast,,,263,03:38,2026-10-07 19:31:10,,,0,2026-10-07 19:31:10
3/4|ДНІПРО-ГОЛОВНИЙ@20261007-1819,3/4|ДНІПРО-ГОЛОВНИЙ,3/4,Дніпро-Головний,Ужгород,7,БЕРДИЧІВ,01:25,0,forecast,,,263,05:48,2026-10-07 19:31:10,,,0,2026-10-07 19:31:10
3/4|ДНІПРО-ГОЛОВНИЙ@20261007-1819,3/4|ДНІПРО-ГОЛОВНИЙ,3/4,Дніпро-Головний,Ужгород,8,ЛЬВІВ,05:47,0,forecast,,,263,10:10,2026-10-07 19:31:10,,,1,2026-10-07 19:31:10
3/4|ДНІПРО-ГОЛОВНИЙ@20261007-1819,3/4|ДНІПРО-ГОЛОВНИЙ,3/4,Дніпро-Головний,Ужгород,9,СТРИЙ,07:11,0,forecast,,,263,11:34,2026-10-07 19:31:10,,,0,2026-10-07 19:31:10
3/4|ДНІПРО-ГОЛОВНИЙ@20261007-1819,3/4|ДНІПРО-ГОЛОВНИЙ,3/4,Дніпро-Головний,Ужгород,10,СЛАВСЬКО,08:08,0,forecast,,,263,12:31,2026-10-07 19:31:10,,,0,2026-10-07 19:31:10
3/4|ДНІПРО-ГОЛОВНИЙ@20261007-1819,3/4|ДНІПРО-ГОЛОВНИЙ,3/4,Дніпро-Головний,Ужгород,11,ВОЛОВЕЦЬ,08:58,0,forecast,,,263,13:21,2026-10-07 19:31:10,,,0,2026-10-07 19:31:10
3/4|ДНІПРО-ГОЛОВНИЙ@20261007-1819,3/4|ДНІПРО-ГОЛОВНИЙ,3/4,Дніпро-Головний,Ужгород,12,СВАЛЯВА,09:29,0,forecast,,,263,13:52,2026-10-07 19:31:10,,,0,2026-10-07 19:31:10
3/4|ДНІПРО-ГОЛОВНИЙ@20261007-1819,3/4|ДНІПРО-ГОЛОВНИЙ,3/4,Дніпро-Головний,Ужгород,13,МУКАЧЕВО,09:55,0,forecast,,,263,14:18,2026-10-07 19:31:10,,,0,2026-10-07 19:31:10
3/4|ДНІПРО-ГОЛОВНИЙ@20261007-1819,3/4|ДНІПРО-ГОЛОВНИЙ,3/4,Дніпро-Головний,Ужгород,14,УЖГОРОД,11:10,0,forecast,,,263,15:33,2026-10-07 19:31:10,,,0,2026-10-07 19:31:10
31/32|ЗАПОРІЖЖЯ-1@20261007-1819,31/32|ЗАПОРІЖЖЯ-1,31/32,Запоріжжя-1,Перемишль,0,ЗАПОРІЖЖЯ-1,11:00,1,passed_no_fact,,,,,,2026-10-07 18:19:21,,0,2026-10-07 19:31:10
31/32|ЗАПОРІЖЖЯ-1@20261007-1819,31/32|ЗАПОРІЖЖЯ-1,31/32,Запоріжжя-1,Перемишль,1,СИНЕЛЬНИКОВЕ-1,12:27,1,passed_no_fact,,,,,,2026-10-07 18:19:21,,0,2026-10-07 19:31:10
31/32|ЗАПОРІЖЖЯ-1@20261007-1819,31/32|ЗАПОРІЖЖЯ-1,31/32,Запоріжжя-1,Перемишль,2,ДНІПРО-ГОЛОВНИЙ,13:30,1,fact,106,15:16,,,,2026-10-07 18:19:21,,1,2026-10-07 19:31:10
31/32|ЗАПОРІЖЖЯ-1@20261007-1819,31/32|ЗАПОРІЖЖЯ-1,31/32,Запоріжжя-1,Перемишль,3,СУХАЧІВКА,14:40,1,fact,113,16:33,,,,2026-10-07 18:19:21,,0,2026-10-07 19:31:10
31/32|ЗАПОРІЖЖЯ-1@20261007-1819,31/32|ЗАПОРІЖЖЯ-1,31/32,Запоріжжя-1,Перемишль,4,КАМ'ЯНСЬКЕ-ПАС.,14:54,1,fact,117,16:51,,,,2026-10-07 18:19:21,,0,2026-10-07 19:31:10
31/32|ЗАПОРІЖЖЯ-1@20261007-1819,31/32|ЗАПОРІЖЖЯ-1,31/32,Запоріжжя-1,Перемишль,5,П'ЯТИХАТКИ,15:58,1,fact,107,17:45,,,,2026-10-07 18:19:21,,0,2026-10-07 19:31:10
31/32|ЗАПОРІЖЖЯ-1@20261007-1819,31/32|ЗАПОРІЖЖЯ-1,31/32,Запоріжжя-1,Перемишль,6,ОЛЕКСАНДРІЯ,17:16,1,fact,123,19:19,,,,2026-10-07 18:19:21,,0,2026-10-07 19:31:10
31/32|ЗАПОРІЖЖЯ-1@20261007-1819,31/32|ЗАПОРІЖЖЯ-1,31/32,Запоріжжя-1,Перемишль,7,ЗНАМ'ЯНКА-ПАС.,17:55,1,passed_no_fact,,,45,18:40,2026-10-07 18:19:21,2026-10-07 18:45:51,26,0,2026-10-07 19:31:10
31/32|ЗАПОРІЖЖЯ-1@20261007-1819,31/32|ЗАПОРІЖЖЯ-1,31/32,Запоріжжя-1,Перемишль,8,ІМ.ТАРАСА ШЕВЧЕНКА,20:37,0,forecast,,,73,21:50,2026-10-07 19:31:10,,,0,2026-10-07 19:31:10
31/32|ЗАПОРІЖЖЯ-1@20261007-1819,31/32|ЗАПОРІЖЖЯ-1,31/32,Запоріжжя-1,Перемишль,9,БІЛА ЦЕРКВА,23:15,0,forecast,,,73,00:28,2026-10-07 19:31:10,,,0,2026-10-07 19:31:10
31/32|ЗАПОРІЖЖЯ-1@20261007-1819,31/32|ЗАПОРІЖЖЯ-1,31/32,Запоріжжя-1,Перемишль,10,БЕРДИЧІВ,01:25,0,forecast,,,73,02:38,2026-10-07 19:31:10,,,0,2026-10-07 19:31:10
31/32|ЗАПОРІЖЖЯ-1@20261007-1819,31/32|ЗАПОРІЖЖЯ-1,31/32,Запоріжжя-1,Перемишль,11,ЛЬВІВ,05:47,0,forecast,,,73,07:00,2026-10-07 19:31:10,,,1,2026-10-07 19:31:10
31/32|ЗАПОРІЖЖЯ-1@20261007-1819,31/32|ЗАПОРІЖЖЯ-1,31/32,Запоріжжя-1,Перемишль,12,ПЕРЕМИШЛЬ,09:19,0,forecast,,,73,10:32,2026-10-07 19:31:10,,,0,2026-10-07 19:31:10
41/42|ДНІПРО-ГОЛОВНИЙ@20261007-1819,41/42|ДНІПРО-ГОЛОВНИЙ,41/42,Дніпро-Головний,Трускавець,0,ДНІПРО-ГОЛОВНИЙ,14:40,1,fact,265,,,,,2026-10-07 18:45:51,,1,2026-10-07 19:31:10
41/42|ДНІПРО-ГОЛОВНИЙ@20261007-1819,41/42|ДНІПРО-ГОЛОВНИЙ,41/42,Дніпро-Головний,Трускавець,1,КАМ'ЯНСЬКЕ-ПАС.,15:19,1,passed_no_fact,,,,,,2026-10-07 18:45:51,,0,2026-10-07 19:31:10
41/42|ДНІПРО-ГОЛОВНИЙ@20261007-1819,41/42|ДНІПРО-ГОЛОВНИЙ,41/42,Дніпро-Головний,Трускавець,2,ВЕРХНЬОДНІПРОВСЬК,16:01,1,passed_no_fact,,,,,,2026-10-07 18:45:51,,1,2026-10-07 19:31:10
41/42|ДНІПРО-ГОЛОВНИЙ@20261007-1819,41/42|ДНІПРО-ГОЛОВНИЙ,41/42,Дніпро-Головний,Трускавець,3,ВІЛЬНОГІРСЬК,16:35,1,passed_no_fact,,,,,,2026-10-07 18:45:51,,0,2026-10-07 19:31:10
41/42|ДНІПРО-ГОЛОВНИЙ@20261007-1819,41/42|ДНІПРО-ГОЛОВНИЙ,41/42,Дніпро-Головний,Трускавець,4,П'ЯТИХАТКИ,17:07,1,passed_no_fact,,,,,,2026-10-07 18:45:51,,0,2026-10-07 19:31:10
41/42|ДНІПРО-ГОЛОВНИЙ@20261007-1819,41/42|ДНІПРО-ГОЛОВНИЙ,41/42,Дніпро-Головний,Трускавець,5,ОЛЕКСАНДРІЯ,18:42,1,passed_no_fact,,,240,22:42,2026-10-07 19:01:26,2026-10-07 19:22:14,21,0,2026-10-07 19:31:10
41/42|ДНІПРО-ГОЛОВНИЙ@20261007-1819,41/42|ДНІПРО-ГОЛОВНИЙ,41/42,Дніпро-Головний,Трускавець,6,КОРИСТІВКА,19:00,1,passed_no_fact,,,265,23:25,2026-10-07 19:22:14,2026-10-07 19:31:10,9,0,2026-10-07 19:31:10
41/42|ДНІПРО-ГОЛОВНИЙ@20261007-1819,41/42|ДНІПРО-ГОЛОВНИЙ,41/42,Дніпро-Головний,Трускавець,7,ЗНАМ'ЯНКА-ПАС.,19:48,0,forecast,,,265,00:13,2026-10-07 19:31:10,,,0,2026-10-07 19:31:10
41/42|ДНІПРО-ГОЛОВНИЙ@20261007-1819,41/42|ДНІПРО-ГОЛОВНИЙ,41/42,Дніпро-Головний,Трускавець,8,ФУНДУКЛІЇВКА,20:52,0,forecast,,,265,01:17,2026-10-07 19:31:10,,,0,2026-10-07 19:31:10
41/42|ДНІПРО-ГОЛОВНИЙ@20261007-1819,41/42|ДНІПРО-ГОЛОВНИЙ,41/42,Дніпро-Головний,Трускавець,9,КАМ'ЯНКА,21:08,0,forecast,,,265,01:33,2026-10-07 19:31:10,,,0,2026-10-07 19:31:10
41/42|ДНІПРО-ГОЛОВНИЙ@20261007-1819,41/42|ДНІПРО-ГОЛОВНИЙ,41/42,Дніпро-Головний,Трускавець,10,ІМ.ТАРАСА ШЕВЧЕНКА,21:31,0,forecast,,,265,01:56,2026-10-07 19:31:10,,,0,2026-10-07 19:31:10
41/42|ДНІПРО-ГОЛОВНИЙ@20261007-1819,41/42|ДНІПРО-ГОЛОВНИЙ,41/42,Дніпро-Головний,Трускавець,11,ГОРОДИЩЕ,22:36,0,forecast,,,265,03:01,2026-10-07 19:31:10,,,0,2026-10-07 19:31:10
41/42|ДНІПРО-ГОЛОВНИЙ@20261007-1819,41/42|ДНІПРО-ГОЛОВНИЙ,41/42,Дніпро-Головний,Трускавець,12,КОРСУНЬ,22:58,0,forecast,,,265,03:23,2026-10-07 19:31:10,,,0,2026-10-07 19:31:10
41/42|ДНІПРО-ГОЛОВНИЙ@20261007-1819,41/42|ДНІПРО-ГОЛОВНИЙ,41/42,Дніпро-Головний,Трускавець,13,МИРОНІВКА,23:37,0,forecast,,,265,04:02,2026-10-07 19:31:10,,,0,2026-10-07 19:31:10
41/42|ДНІПРО-ГОЛОВНИЙ@20261007-1819,41/42|ДНІПРО-ГОЛОВНИЙ,41/42,Дніпро-Головний,Трускавець,14,БІЛА ЦЕРКВА,00:29,0,forecast,,,265,04:54,2026-10-07 19:31:10,,,0,2026-10-07 19:31:10
41/42|ДНІПРО-ГОЛОВНИЙ@20261007-1819,41/42|ДНІПРО-ГОЛОВНИЙ,41/42,Дніпро-Головний,Трускавець,15,КОЗЯТИН-1,02:00,0,forecast,,,265,06:25,2026-10-07 19:31:10,,,0,2026-10-07 19:31:10
41/42|ДНІПРО-ГОЛОВНИЙ@20261007-1819,41/42|ДНІПРО-ГОЛОВНИЙ,41/42,Дніпро-Головний,Трускавець,16,КАЛИНІВКА-1,02:44,0,forecast,,,265,07:09,2026-10-07 19:31:10,,,0,2026-10-07 19:31:10
41/42|ДНІПРО-ГОЛОВНИЙ@20261007-1819,41/42|ДНІПРО-ГОЛОВНИЙ,41/42,Дніпро-Головний,Трускавець,17,ВІННИЦЯ,03:06,0,forecast,,,265,07:31,2026-10-07 19:31:10,,,0,2026-10-07 19:31:10
41/42|ДНІПРО-ГОЛОВНИЙ@20261007-1819,41/42|ДНІПРО-ГОЛОВНИЙ,41/42,Дніпро-Головний,Трускавець,18,БРАЇЛІВ,03:43,0,forecast,,,265,08:08,2026-10-07 19:31:10,,,0,2026-10-07 19:31:10
41/42|ДНІПРО-ГОЛОВНИЙ@20261007-1819,41/42|ДНІПРО-ГОЛОВНИЙ,41/42,Дніпро-Головний,Трускавець,19,ХМЕЛЬНИЦЬКИЙ,05:08,0,forecast,,,265,09:33,2026-10-07 19:31:10,,,0,2026-10-07 19:31:10
41/42|ДНІПРО-ГОЛОВНИЙ@20261007-1819,41/42|ДНІПРО-ГОЛОВНИЙ,41/42,Дніпро-Головний,Трускавець,20,ВОЛОЧИСЬК,06:16,0,forecast,,,265,10:41,2026-10-07 19:31:10,,,0,2026-10-07 19:31:10
41/42|ДНІПРО-ГОЛОВНИЙ@20261007-1819,41/42|ДНІПРО-ГОЛОВНИЙ,41/42,Дніпро-Головний,Трускавець,21,ПІДВОЛОЧИСЬК,06:26,0,forecast,,,265,10:51,2026-10-07 19:31:10,,,0,2026-10-07 19:31:10
41/42|ДНІПРО-ГОЛОВНИЙ@20261007-1819,41/42|ДНІПРО-ГОЛОВНИЙ,41/42,Дніпро-Головний,Трускавець,22,ТЕРНОПІЛЬ-ПАС.,07:18,0,forecast,,,265,11:43,2026-10-07 19:31:10,,,0,2026-10-07 19:31:10
41/42|ДНІПРО-ГОЛОВНИЙ@20261007-1819,41/42|ДНІПРО-ГОЛОВНИЙ,41/42,Дніпро-Головний,Трускавець,23,ЗЛОЧІВ,08:21,0,forecast,,,265,12:46,2026-10-07 19:31:10,,,0,2026-10-07 19:31:10
41/42|ДНІПРО-ГОЛОВНИЙ@20261007-1819,41/42|ДНІПРО-ГОЛОВНИЙ,41/42,Дніпро-Головний,Трускавець,24,КРАСНЕ,08:47,0,forecast,,,265,13:12,2026-10-07 19:31:10,,,0,2026-10-07 19:31:10
41/42|ДНІПРО-ГОЛОВНИЙ@20261007-1819,41/42|ДНІПРО-ГОЛОВНИЙ,41/42,Дніпро-Головний,Трускавець,25,ПІДЗАМЧЕ,09:20,0,forecast,,,265,13:45,2026-10-07 19:31:10,,,0,2026-10-07 19:31:10
41/42|ДНІПРО-ГОЛОВНИЙ@20261007-1819,41/42|ДНІПРО-ГОЛОВНИЙ,41/42,Дніпро-Головний,Трускавець,26,ЛЬВІВ,09:33,0,forecast,,,265,13:58,2026-10-07 19:31:10,,,1,2026-10-07 19:31:10
41/42|ДНІПРО-ГОЛОВНИЙ@20261007-1819,41/42|ДНІПРО-ГОЛОВНИЙ,41/42,Дніпро-Головний,Трускавець,27,ДРОГОБИЧ,11:27,0,forecast,,,265,15:52,2026-10-07 19:31:10,,,0,2026-10-07 19:31:10
41/42|ДНІПРО-ГОЛОВНИЙ@20261007-1819,41/42|ДНІПРО-ГОЛОВНИЙ,41/42,Дніпро-Головний,Трускавець,28,ТРУСКАВЕЦЬ,12:10,0,forecast,,,265,16:35,2026-10-07 19:31:10,,,0,2026-10-07 19:31:10
5/6|ЗАПОРІЖЖЯ-1@20261007-1819,5/6|ЗАПОРІЖЖЯ-1,5/6,Запоріжжя-1,Ясіня,0,ЗАПОРІЖЖЯ-1,11:00,1,passed_no_fact,,,,,,2026-10-07 18:19:21,,0,2026-10-07 19:31:10
5/6|ЗАПОРІЖЖЯ-1@20261007-1819,5/6|ЗАПОРІЖЖЯ-1,5/6,Запоріжжя-1,Ясіня,1,СИНЕЛЬНИКОВЕ-1,12:27,1,passed_no_fact,,,,,,2026-10-07 18:19:21,,0,2026-10-07 19:31:10
5/6|ЗАПОРІЖЖЯ-1@20261007-1819,5/6|ЗАПОРІЖЖЯ-1,5/6,Запоріжжя-1,Ясіня,2,ДНІПРО-ГОЛОВНИЙ,13:30,1,fact,119,15:29,,,,2026-10-07 18:19:21,,1,2026-10-07 19:31:10
5/6|ЗАПОРІЖЖЯ-1@20261007-1819,5/6|ЗАПОРІЖЖЯ-1,5/6,Запоріжжя-1,Ясіня,3,СУХАЧІВКА,14:28,1,fact,125,16:33,,,,2026-10-07 18:19:21,,0,2026-10-07 19:31:10
5/6|ЗАПОРІЖЖЯ-1@20261007-1819,5/6|ЗАПОРІЖЖЯ-1,5/6,Запоріжжя-1,Ясіня,4,КАМ'ЯНСЬКЕ-ПАС.,14:42,1,fact,129,16:51,,,,2026-10-07 18:19:21,,0,2026-10-07 19:31:10
5/6|ЗАПОРІЖЖЯ-1@20261007-1819,5/6|ЗАПОРІЖЖЯ-1,5/6,Запоріжжя-1,Ясіня,5,П'ЯТИХАТКИ,15:48,1,fact,117,17:45,,,,2026-10-07 18:19:21,,0,2026-10-07 19:31:10
5/6|ЗАПОРІЖЖЯ-1@20261007-1819,5/6|ЗАПОРІЖЖЯ-1,5/6,Запоріжжя-1,Ясіня,6,ОЛЕКСАНДРІЯ,18:06,1,fact,73,19:19,58,19:04,2026-10-07 18:19:21,2026-10-07 18:45:51,26,0,2026-10-07 19:31:10
5/6|ЗАПОРІЖЖЯ-1@20261007-1819,5/6|ЗАПОРІЖЖЯ-1,5/6,Запоріжжя-1,Ясіня,7,ЗНАМ'ЯНКА-ПАС.,19:12,0,forecast,,,58,20:10,2026-10-07 19:31:10,,,0,2026-10-07 19:31:10
5/6|ЗАПОРІЖЖЯ-1@20261007-1819,5/6|ЗАПОРІЖЖЯ-1,5/6,Запоріжжя-1,Ясіня,8,ІМ.ТАРАСА ШЕВЧЕНКА,21:03,0,forecast,,,58,22:01,2026-10-07 19:31:10,,,0,2026-10-07 19:31:10
5/6|ЗАПОРІЖЖЯ-1@20261007-1819,5/6|ЗАПОРІЖЖЯ-1,5/6,Запоріжжя-1,Ясіня,9,БІЛА ЦЕРКВА,23:41,0,forecast,,,58,00:39,2026-10-07 19:31:10,,,0,2026-10-07 19:31:10
5/6|ЗАПОРІЖЖЯ-1@20261007-1819,5/6|ЗАПОРІЖЖЯ-1,5/6,Запоріжжя-1,Ясіня,10,БЕРДИЧІВ,01:45,0,forecast,,,58,02:43,2026-10-07 19:31:10,,,0,2026-10-07 19:31:10
5/6|ЗАПОРІЖЖЯ-1@20261007-1819,5/6|ЗАПОРІЖЖЯ-1,5/6,Запоріжжя-1,Ясіня,11,ЛЬВІВ,06:11,0,forecast,,,58,07:09,2026-10-07 19:31:10,,,1,2026-10-07 19:31:10
5/6|ЗАПОРІЖЖЯ-1@20261007-1819,5/6|ЗАПОРІЖЖЯ-1,5/6,Запоріжжя-1,Ясіня,12,ІВАНО-ФРАНКІВСЬК,08:47,0,forecast,,,58,09:45,2026-10-07 19:31:10,,,0,2026-10-07 19:31:10
5/6|ЗАПОРІЖЖЯ-1@20261007-1819,5/6|ЗАПОРІЖЖЯ-1,5/6,Запоріжжя-1,Ясіня,13,ЯРЕМЧЕ,10:37,0,forecast,,,58,11:35,2026-10-07 19:31:10,,,0,2026-10-07 19:31:10
5/6|ЗАПОРІЖЖЯ-1@20261007-1819,5/6|ЗАПОРІЖЖЯ-1,5/6,Запоріжжя-1,Ясіня,14,ТАТАРІВ-БУКОВЕЛЬ,11:14,0,forecast,,,58,12:12,2026-10-07 19:31:10,,,0,2026-10-07 19:31:10
5/6|ЗАПОРІЖЖЯ-1@20261007-1819,5/6|ЗАПОРІЖЖЯ-1,5/6,Запоріжжя-1,Ясіня,15,ВОРОХТА,11:28,0,forecast,,,58,12:26,2026-10-07 19:31:10,,,0,2026-10-07 19:31:10
5/6|ЗАПОРІЖЖЯ-1@20261007-1819,5/6|ЗАПОРІЖЖЯ-1,5/6,Запоріжжя-1,Ясіня,16,ЯСІНЯ,12:08,0,forecast,,,58,13:06,2026-10-07 19:31:10,,,0,2026-10-07 19:31:10
5/6|ЯСІНЯ@20261007-1819,5/6|ЯСІНЯ,5/6,Ясіня,Запоріжжя-1,0,ЯСІНЯ,,1,fact,87,,,,,2026-10-07 18:19:21,,0,2026-10-07 19:31:10
5/6|ЯСІНЯ@20261007-1819,5/6|ЯСІНЯ,5/6,Ясіня,Запоріжжя-1,1,ВОРОХТА,13:28,1,fact,84,14:52,,,,2026-10-07 18:19:21,,0,2026-10-07 19:31:10
5/6|ЯСІНЯ@20261007-1819,5/6|ЯСІНЯ,5/6,Ясіня,Запоріжжя-1,2,ТАТАРІВ-БУКОВЕЛЬ,13:39,1,passed_no_fact,,,,,,2026-10-07 18:19:21,,0,2026-10-07 19:31:10
5/6|ЯСІНЯ@20261007-1819,5/6|ЯСІНЯ,5/6,Ясіня,Запоріжжя-1,3,ЯРЕМЧЕ,14:04,1,fact,83,15:27,,,,2026-10-07 18:19:21,,0,2026-10-07 19:31:10
5/6|ЯСІНЯ@20261007-1819,5/6|ЯСІНЯ,5/6,Ясіня,Запоріжжя-1,4,ІВАНО-ФРАНКІВСЬК,15:14,1,fact,75,16:29,,,,2026-10-07 18:19:21,,0,2026-10-07 19:31:10
5/6|ЯСІНЯ@20261007-1819,5/6|ЯСІНЯ,5/6,Ясіня,Запоріжжя-1,5,ЛЬВІВ,17:51,1,fact,41,18:32,50,18:41,2026-10-07 18:19:21,2026-10-07 18:45:51,26,1,2026-10-07 19:31:10
5/6|ЯСІНЯ@20261007-1819,5/6|ЯСІНЯ,5/6,Ясіня,Запоріжжя-1,6,КРИВИН,21:21,0,forecast,,,41,22:02,2026-10-07 19:31:10,,,0,2026-10-07 19:31:10
5/6|ЯСІНЯ@20261007-1819,5/6|ЯСІНЯ,5/6,Ясіня,Запоріжжя-1,7,ШЕПЕТІВКА,21:48,0,forecast,,,41,22:29,2026-10-07 19:31:10,,,0,2026-10-07 19:31:10
5/6|ЯСІНЯ@20261007-1819,5/6|ЯСІНЯ,5/6,Ясіня,Запоріжжя-1,8,ПОЛОННЕ,22:17,0,forecast,,,41,22:58,2026-10-07 19:31:10,,,0,2026-10-07 19:31:10
5/6|ЯСІНЯ@20261007-1819,5/6|ЯСІНЯ,5/6,Ясіня,Запоріжжя-1,9,БЕРДИЧІВ,23:18,0,forecast,,,41,23:59,2026-10-07 19:31:10,,,0,2026-10-07 19:31:10
5/6|ЯСІНЯ@20261007-1819,5/6|ЯСІНЯ,5/6,Ясіня,Запоріжжя-1,10,БІЛА ЦЕРКВА,01:20,0,forecast,,,41,02:01,2026-10-07 19:31:10,,,0,2026-10-07 19:31:10
5/6|ЯСІНЯ@20261007-1819,5/6|ЯСІНЯ,5/6,Ясіня,Запоріжжя-1,11,ІМ.ТАРАСА ШЕВЧЕНКА,03:38,0,forecast,,,41,04:19,2026-10-07 19:31:10,,,0,2026-10-07 19:31:10
5/6|ЯСІНЯ@20261007-1819,5/6|ЯСІНЯ,5/6,Ясіня,Запоріжжя-1,12,ЗНАМ'ЯНКА-ПАС.,04:45,0,forecast,,,41,05:26,2026-10-07 19:31:10,,,0,2026-10-07 19:31:10
5/6|ЯСІНЯ@20261007-1819,5/6|ЯСІНЯ,5/6,Ясіня,Запоріжжя-1,13,ОЛЕКСАНДРІЯ,05:32,0,forecast,,,41,06:13,2026-10-07 19:31:10,,,0,2026-10-07 19:31:10
5/6|ЯСІНЯ@20261007-1819,5/6|ЯСІНЯ,5/6,Ясіня,Запоріжжя-1,14,П'ЯТИХАТКИ,06:48,0,forecast,,,41,07:29,2026-10-07 19:31:10,,,0,2026-10-07 19:31:10
5/6|ЯСІНЯ@20261007-1819,5/6|ЯСІНЯ,5/6,Ясіня,Запоріжжя-1,15,КАМ'ЯНСЬКЕ-ПАС.,07:42,0,forecast,,,41,08:23,2026-10-07 19:31:10,,,0,2026-10-07 19:31:10
5/6|ЯСІНЯ@20261007-1819,5/6|ЯСІНЯ,5/6,Ясіня,Запоріжжя-1,16,ДНІПРО-ГОЛОВНИЙ,08:14,0,forecast,,,41,08:55,2026-10-07 19:31:10,,,1,2026-10-07 19:31:10
5/6|ЯСІНЯ@20261007-1819,5/6|ЯСІНЯ,5/6,Ясіня,Запоріжжя-1,17,СИНЕЛЬНИКОВЕ-1,09:46,0,forecast,,,41,10:27,2026-10-07 19:31:10,,,0,2026-10-07 19:31:10
5/6|ЯСІНЯ@20261007-1819,5/6|ЯСІНЯ,5/6,Ясіня,Запоріжжя-1,18,ЗАПОРІЖЖЯ-1,10:41,0,forecast,,,41,11:22,2026-10-07 19:31:10,,,0,2026-10-07 19:31:10
61/62|ДНІПРО-ГОЛОВНИЙ@20261007-1819,61/62|ДНІПРО-ГОЛОВНИЙ,61/62,Дніпро-Головний,Івано-Франківськ,0,ДНІПРО-ГОЛОВНИЙ,,1,fact,105,,,,,2026-10-07 18:19:21,,1,2026-10-07 19:31:10
61/62|ДНІПРО-ГОЛОВНИЙ@20261007-1819,61/62|ДНІПРО-ГОЛОВНИЙ,61/62,Дніпро-Головний,Івано-Франківськ,1,КАМ'ЯНСЬКЕ-ПАС.,15:32,1,fact,112,17:24,,,,2026-10-07 18:19:21,,0,2026-10-07 19:31:10
61/62|ДНІПРО-ГОЛОВНИЙ@20261007-1819,61/62|ДНІПРО-ГОЛОВНИЙ,61/62,Дніпро-Головний,Івано-Франківськ,2,ВЕРХНЬОДНІПРОВСЬК,15:51,1,fact,116,17:47,,,,2026-10-07 18:19:21,,1,2026-10-07 19:31:10
61/62|ДНІПРО-ГОЛОВНИЙ@20261007-1819,61/62|ДНІПРО-ГОЛОВНИЙ,61/62,Дніпро-Головний,Івано-Франківськ,3,ВІЛЬНОГІРСЬК,16:17,1,fact,145,18:42,,,,2026-10-07 18:19:21,,0,2026-10-07 19:31:10
61/62|ДНІПРО-ГОЛОВНИЙ@20261007-1819,61/62|ДНІПРО-ГОЛОВНИЙ,61/62,Дніпро-Головний,Івано-Франківськ,4,П'ЯТИХАТКИ,16:40,1,passed_no_fact,,,,,,2026-10-07 18:19:21,,0,2026-10-07 19:31:10
61/62|ДНІПРО-ГОЛОВНИЙ@20261007-1819,61/62|ДНІПРО-ГОЛОВНИЙ,61/62,Дніпро-Головний,Івано-Франківськ,5,ОЛЕКСАНДРІЯ,17:57,1,passed_no_fact,,,113,19:50,2026-10-07 18:19:21,2026-10-07 18:45:51,26,0,2026-10-07 19:31:10
61/62|ДНІПРО-ГОЛОВНИЙ@20261007-1819,61/62|ДНІПРО-ГОЛОВНИЙ,61/62,Дніпро-Головний,Івано-Франківськ,6,ЗНАМ'ЯНКА-ПАС.,18:38,1,passed_no_fact,,,122,20:40,2026-10-07 19:01:26,2026-10-07 19:22:14,21,0,2026-10-07 19:31:10
61/62|ДНІПРО-ГОЛОВНИЙ@20261007-1819,61/62|ДНІПРО-ГОЛОВНИЙ,61/62,Дніпро-Головний,Івано-Франківськ,7,ІМ.ТАРАСА ШЕВЧЕНКА,19:50,0,forecast,,,147,22:17,2026-10-07 19:31:10,,,0,2026-10-07 19:31:10
61/62|ДНІПРО-ГОЛОВНИЙ@20261007-1819,61/62|ДНІПРО-ГОЛОВНИЙ,61/62,Дніпро-Головний,Івано-Франківськ,8,БІЛА ЦЕРКВА,22:26,0,forecast,,,147,00:53,2026-10-07 19:31:10,,,0,2026-10-07 19:31:10
61/62|ДНІПРО-ГОЛОВНИЙ@20261007-1819,61/62|ДНІПРО-ГОЛОВНИЙ,61/62,Дніпро-Головний,Івано-Франківськ,9,ЛЬВІВ,04:50,0,forecast,,,147,07:17,2026-10-07 19:31:10,,,1,2026-10-07 19:31:10
61/62|ДНІПРО-ГОЛОВНИЙ@20261007-1819,61/62|ДНІПРО-ГОЛОВНИЙ,61/62,Дніпро-Головний,Івано-Франківськ,10,ХОДОРІВ,06:18,0,forecast,,,147,08:45,2026-10-07 19:31:10,,,0,2026-10-07 19:31:10
61/62|ДНІПРО-ГОЛОВНИЙ@20261007-1819,61/62|ДНІПРО-ГОЛОВНИЙ,61/62,Дніпро-Головний,Івано-Франківськ,11,ІВАНО-ФРАНКІВСЬК,07:27,0,forecast,,,147,09:54,2026-10-07 19:31:10,,,0,2026-10-07 19:31:10
63/64|ПЕРЕМИШЛЬ@20261007-1845,63/64|ПЕРЕМИШЛЬ,63/64,Перемишль,Харків-Пас.,0,ПЕРЕМИШЛЬ,,1,passed_no_fact,,,,,,2026-10-07 18:45:51,,0,2026-10-07 19:31:10
63/64|ПЕРЕМИШЛЬ@20261007-1845,63/64|ПЕРЕМИШЛЬ,63/64,Перемишль,Харків-Пас.,1,ЛЬВІВ,14:13,1,fact,21,14:34,,,,2026-10-07 18:45:51,,1,2026-10-07 19:31:10
63/64|ПЕРЕМИШЛЬ@20261007-1845,63/64|ПЕРЕМИШЛЬ,63/64,Перемишль,Харків-Пас.,2,СЛАВУТА-1,17:14,1,fact,20,17:34,,,,2026-10-07 18:45:51,,0,2026-10-07 19:31:10
63/64|ПЕРЕМИШЛЬ@20261007-1845,63/64|ПЕРЕМИШЛЬ,63/64,Перемишль,Харків-Пас.,3,СУДИЛКІВ,17:35,1,fact,25,18:00,,,,2026-10-07 18:45:51,,0,2026-10-07 19:31:10
63/64|ПЕРЕМИШЛЬ@20261007-1845,63/64|ПЕРЕМИШЛЬ,63/64,Перемишль,Харків-Пас.,4,КИЇВ-ПАС.,20:57,0,forecast,,,41,21:38,2026-10-07 19:31:10,,,1,2026-10-07 19:31:10
63/64|ПЕРЕМИШЛЬ@20261007-1845,63/64|ПЕРЕМИШЛЬ,63/64,Перемишль,Харків-Пас.,5,ДАРНИЦЯ,22:17,0,forecast,,,41,22:58,2026-10-07 19:31:10,,,0,2026-10-07 19:31:10
63/64|ПЕРЕМИШЛЬ@20261007-1845,63/64|ПЕРЕМИШЛЬ,63/64,Перемишль,Харків-Пас.,6,ГРЕБІНКА,23:45,0,forecast,,,41,00:26,2026-10-07 19:31:10,,,0,2026-10-07 19:31:10
63/64|ПЕРЕМИШЛЬ@20261007-1845,63/64|ПЕРЕМИШЛЬ,63/64,Перемишль,Харків-Пас.,7,РОМОДАН,00:54,0,forecast,,,41,01:35,2026-10-07 19:31:10,,,0,2026-10-07 19:31:10
63/64|ПЕРЕМИШЛЬ@20261007-1845,63/64|ПЕРЕМИШЛЬ,63/64,Перемишль,Харків-Пас.,8,МИРГОРОД,01:24,0,forecast,,,41,02:05,2026-10-07 19:31:10,,,0,2026-10-07 19:31:10
63/64|ПЕРЕМИШЛЬ@20261007-1845,63/64|ПЕРЕМИШЛЬ,63/64,Перемишль,Харків-Пас.,9,ПОЛТАВА-КИЇВСЬКА,03:23,0,forecast,,,41,04:04,2026-10-07 19:31:10,,,1,2026-10-07 19:31:10
63/64|ПЕРЕМИШЛЬ@20261007-1845,63/64|ПЕРЕМИШЛЬ,63/64,Перемишль,Харків-Пас.,10,ЛЮБОТИН,05:31,0,forecast,,,41,06:12,2026-10-07 19:31:10,,,0,2026-10-07 19:31:10
63/64|ПЕРЕМИШЛЬ@20261007-1845,63/64|ПЕРЕМИШЛЬ,63/64,Перемишль,Харків-Пас.,11,ХАРКІВ-ПАС.,06:02,0,forecast,,,41,06:43,2026-10-07 19:31:10,,,1,2026-10-07 19:31:10
63/64|ХАРКІВ-ПАС.@20261007-1819,63/64|ХАРКІВ-ПАС.,63/64,Харків-Пас.,Перемишль,0,ХАРКІВ-ПАС.,,1,passed_no_fact,,,,,,2026-10-07 18:19:21,,1,2026-10-07 19:31:10
63/64|ХАРКІВ-ПАС.@20261007-1819,63/64|ХАРКІВ-ПАС.,63/64,Харків-Пас.,Перемишль,1,НОВА БАВАРІЯ,23:03,1,fact,73,23:03,,,,2026-10-07 18:19:21,,0,2026-10-07 19:31:10
63/64|ХАРКІВ-ПАС.@20261007-1819,63/64|ХАРКІВ-ПАС.,63/64,Харків-Пас.,Перемишль,2,ЛЮБОТИН,23:23,1,fact,74,00:37,,,,2026-10-07 18:19:21,,0,2026-10-07 19:31:10
63/64|ХАРКІВ-ПАС.@20261007-1819,63/64|ХАРКІВ-ПАС.,63/64,Харків-Пас.,Перемишль,3,ПОЛТАВА-КИЇВСЬКА,01:13,1,fact,57,02:10,,,,2026-10-07 18:19:21,,1,2026-10-07 19:31:10
63/64|ХАРКІВ-ПАС.@20261007-1819,63/64|ХАРКІВ-ПАС.,63/64,Харків-Пас.,Перемишль,4,МИРГОРОД,03:03,1,fact,29,03:32,,,,2026-10-07 18:19:21,,0,2026-10-07 19:31:10
63/64|ХАРКІВ-ПАС.@20261007-1819,63/64|ХАРКІВ-ПАС.,63/64,Харків-Пас.,Перемишль,5,РОМОДАН,03:27,1,fact,26,03:53,,,,2026-10-07 18:19:21,,0,2026-10-07 19:31:10
63/64|ХАРКІВ-ПАС.@20261007-1819,63/64|ХАРКІВ-ПАС.,63/64,Харків-Пас.,Перемишль,6,ГРЕБІНКА,04:48,1,fact,-5,04:43,,,,2026-10-07 18:19:21,,0,2026-10-07 19:31:10
63/64|ХАРКІВ-ПАС.@20261007-1819,63/64|ХАРКІВ-ПАС.,63/64,Харків-Пас.,Перемишль,7,БАРИШІВКА,05:51,1,fact,-6,05:45,,,,2026-10-07 18:19:21,,0,2026-10-07 19:31:10
63/64|ХАРКІВ-ПАС.@20261007-1819,63/64|ХАРКІВ-ПАС.,63/64,Харків-Пас.,Перемишль,8,ДАРНИЦЯ,06:40,1,fact,71,07:51,,,,2026-10-07 18:19:21,,0,2026-10-07 19:31:10
63/64|ХАРКІВ-ПАС.@20261007-1819,63/64|ХАРКІВ-ПАС.,63/64,Харків-Пас.,Перемишль,9,КИЇВ-ПАС.,07:13,1,fact,58,08:11,,,,2026-10-07 18:19:21,,1,2026-10-07 19:31:10
63/64|ХАРКІВ-ПАС.@20261007-1819,63/64|ХАРКІВ-ПАС.,63/64,Харків-Пас.,Перемишль,10,СЛАВУТА-1,11:48,1,fact,88,13:16,,,,2026-10-07 18:19:21,,0,2026-10-07 19:31:10
63/64|ХАРКІВ-ПАС.@20261007-1819,63/64|ХАРКІВ-ПАС.,63/64,Харків-Пас.,Перемишль,11,ЛЬВІВ,14:30,1,fact,106,16:16,,,,2026-10-07 18:19:21,,1,2026-10-07 19:31:10
63/64|ХАРКІВ-ПАС.@20261007-1819,63/64|ХАРКІВ-ПАС.,63/64,Харків-Пас.,Перемишль,12,ЗАТОКА,15:10,1,fact,114,17:04,,,,2026-10-07 18:19:21,,0,2026-10-07 19:31:10
63/64|ХАРКІВ-ПАС.@20261007-1819,63/64|ХАРКІВ-ПАС.,63/64,Харків-Пас.,Перемишль,13,ПЕРЕМИШЛЬ,17:59,0,forecast,,,115,19:54,2026-10-07 19:31:10,,,0,2026-10-07 19:31:10
705/706|ПЕРЕМИШЛЬ@20261007-1819,705/706|ПЕРЕМИШЛЬ,705/706,Перемишль,Київ-Пас.,0,ПЕРЕМИШЛЬ,,1,fact,65,,,,,2026-10-07 18:19:21,,0,2026-10-07 19:22:14
705/706|ПЕРЕМИШЛЬ@20261007-1819,705/706|ПЕРЕМИШЛЬ,705/706,Перемишль,Київ-Пас.,1,МОСТИСЬКА-1,09:28,1,fact,77,10:45,,,,2026-10-07 18:19:21,,0,2026-10-07 19:22:14
705/706|ПЕРЕМИШЛЬ@20261007-1819,705/706|ПЕРЕМИШЛЬ,705/706,Перемишль,Київ-Пас.,2,ЛЬВІВ,10:15,1,fact,86,11:41,,,,2026-10-07 18:19:21,,1,2026-10-07 19:22:14
705/706|ПЕРЕМИШЛЬ@20261007-1819,705/706|ПЕРЕМИШЛЬ,705/706,Перемишль,Київ-Пас.,3,ТЕРНОПІЛЬ-ПАС.,11:59,1,fact,86,13:25,,,,2026-10-07 18:19:21,,0,2026-10-07 19:22:14
705/706|ПЕРЕМИШЛЬ@20261007-1819,705/706|ПЕРЕМИШЛЬ,705/706,Перемишль,Київ-Пас.,4,ХМЕЛЬНИЦЬКИЙ,13:31,1,fact,83,14:54,,,,2026-10-07 18:19:21,,0,2026-10-07 19:22:14
705/706|ПЕРЕМИШЛЬ@20261007-1819,705/706|ПЕРЕМИШЛЬ,705/706,Перемишль,Київ-Пас.,5,ВІННИЦЯ,15:09,1,fact,89,16:38,,,,2026-10-07 18:19:21,,0,2026-10-07 19:22:14
705/706|ПЕРЕМИШЛЬ@20261007-1819,705/706|ПЕРЕМИШЛЬ,705/706,Перемишль,Київ-Пас.,6,КОЗЯТИН-1,15:47,1,fact,89,17:16,,,,2026-10-07 18:19:21,,0,2026-10-07 19:22:14
705/706|ПЕРЕМИШЛЬ@20261007-1819,705/706|ПЕРЕМИШЛЬ,705/706,Перемишль,Київ-Пас.,7,КИЇВ-ПАС.,17:35,0,forecast,,,106,19:21,2026-10-07 19:22:14,,,1,2026-10-07 19:22:14
733/734|КИЇВ-ПАС.@20261007-1845,733/734|КИЇВ-ПАС.,733/734,Київ-Пас.,Дніпро-Головний,0,КИЇВ-ПАС.,,1,passed_no_fact,,,,,,2026-10-07 18:45:51,,1,2026-10-07 19:31:10
733/734|КИЇВ-ПАС.@20261007-1845,733/734|КИЇВ-ПАС.,733/734,Київ-Пас.,Дніпро-Головний,1,ВОЛОДИМИРІВКА,18:09,1,fact,36,18:45,35,19:00,2026-10-07 18:45:51,2026-10-07 19:01:26,16,0,2026-10-07 19:31:10
733/734|КИЇВ-ПАС.@20261007-1845,733/734|КИЇВ-ПАС.,733/734,Київ-Пас.,Дніпро-Головний,2,ІМ.ТАРАСА ШЕВЧЕНКА,18:25,1,fact,41,19:06,35,20:08,2026-10-07 19:01:26,2026-10-07 19:22:14,21,0,2026-10-07 19:31:10
733/734|КИЇВ-ПАС.@20261007-1845,733/734|КИЇВ-ПАС.,733/734,Київ-Пас.,Дніпро-Головний,3,ЗНАМ'ЯНКА-ПАС.,19:33,0,forecast,,,35,20:08,2026-10-07 19:31:10,,,0,2026-10-07 19:31:10
733/734|КИЇВ-ПАС.@20261007-1845,733/734|КИЇВ-ПАС.,733/734,Київ-Пас.,Дніпро-Головний,4,ОЛЕКСАНДРІЯ,20:07,0,forecast,,,35,20:42,2026-10-07 19:31:10,,,0,2026-10-07 19:31:10
733/734|КИЇВ-ПАС.@20261007-1845,733/734|КИЇВ-ПАС.,733/734,Київ-Пас.,Дніпро-Головний,5,П'ЯТИХАТКИ,20:57,0,forecast,,,35,21:32,2026-10-07 19:31:10,,,0,2026-10-07 19:31:10
733/734|КИЇВ-ПАС.@20261007-1845,733/734|КИЇВ-ПАС.,733/734,Київ-Пас.,Дніпро-Головний,6,КАМ'ЯНСЬКЕ-ПАС.,21:43,0,forecast,,,35,22:18,2026-10-07 19:31:10,,,0,2026-10-07 19:31:10
733/734|КИЇВ-ПАС.@20261007-1845,733/734|КИЇВ-ПАС.,733/734,Київ-Пас.,Дніпро-Головний,7,ДНІПРО-ГОЛОВНИЙ,22:10,0,forecast,,,35,22:45,2026-10-07 19:31:10,,,1,2026-10-07 19:31:10
749/750|КИЇВ-ПАС.@20261007-1819,749/750|КИЇВ-ПАС.,749/750,Київ-Пас.,Ужгород,0,КИЇВ-ПАС.,,1,passed_no_fact,,,,,,2026-10-07 18:19:21,,1,2026-10-07 19:31:10
749/750|КИЇВ-ПАС.@20261007-1819,749/750|КИЇВ-ПАС.,749/750,Київ-Пас.,Ужгород,1,КОЖАНКА,13:55,1,fact,1,13:56,,,,2026-10-07 18:19:21,,0,2026-10-07 19:31:10
749/750|КИЇВ-ПАС.@20261007-1819,749/750|КИЇВ-ПАС.,749/750,Київ-Пас.,Ужгород,2,ЛЬВІВ,18:51,1,passed_no_fact,,,62,19:53,2026-10-07 19:22:14,2026-10-07 19:31:10,9,1,2026-10-07 19:31:10
749/750|КИЇВ-ПАС.@20261007-1819,749/750|КИЇВ-ПАС.,749/750,Київ-Пас.,Ужгород,3,СТРИЙ,20:14,0,forecast,,,62,21:16,2026-10-07 19:31:10,,,0,2026-10-07 19:31:10
749/750|КИЇВ-ПАС.@20261007-1819,749/750|КИЇВ-ПАС.,749/750,Київ-Пас.,Ужгород,4,СВАЛЯВА,22:23,0,forecast,,,62,23:25,2026-10-07 19:31:10,,,0,2026-10-07 19:31:10
749/750|КИЇВ-ПАС.@20261007-1819,749/750|КИЇВ-ПАС.,749/750,Київ-Пас.,Ужгород,5,МУКАЧЕВО,22:47,0,forecast,,,62,23:49,2026-10-07 19:31:10,,,0,2026-10-07 19:31:10
749/750|КИЇВ-ПАС.@20261007-1819,749/750|КИЇВ-ПАС.,749/750,Київ-Пас.,Ужгород,6,ЧОП,23:37,0,forecast,,,62,00:39,2026-10-07 19:31:10,,,0,2026-10-07 19:31:10
749/750|КИЇВ-ПАС.@20261007-1819,749/750|КИЇВ-ПАС.,749/750,Київ-Пас.,Ужгород,7,УЖГОРОД,00:23,0,forecast,,,62,01:25,2026-10-07 19:31:10,,,0,2026-10-07 19:31:10
749/750|УЖГОРОД@20261007-1819,749/750|УЖГОРОД,749/750,Ужгород,Київ-Пас.,0,УЖГОРОД,,1,fact,1,,,,,2026-10-07 18:19:21,,0,2026-10-07 19:22:14
749/750|УЖГОРОД@20261007-1819,749/750|УЖГОРОД,749/750,Ужгород,Київ-Пас.,1,ЧОП,05:45,1,fact,1,05:46,,,,2026-10-07 18:19:21,,0,2026-10-07 19:22:14
749/750|УЖГОРОД@20261007-1819,749/750|УЖГОРОД,749/750,Ужгород,Київ-Пас.,2,МУКАЧЕВО,07:09,1,fact,8,07:17,,,,2026-10-07 18:19:21,,0,2026-10-07 19:22:14
749/750|УЖГОРОД@20261007-1819,749/750|УЖГОРОД,749/750,Ужгород,Київ-Пас.,3,СВАЛЯВА,07:38,1,fact,5,07:43,,,,2026-10-07 18:19:21,,0,2026-10-07 19:22:14
749/750|УЖГОРОД@20261007-1819,749/750|УЖГОРОД,749/750,Ужгород,Київ-Пас.,4,СТРИЙ,09:42,1,passed_no_fact,,,,,,2026-10-07 18:19:21,,0,2026-10-07 19:22:14
749/750|УЖГОРОД@20261007-1819,749/750|УЖГОРОД,749/750,Ужгород,Київ-Пас.,5,ЛЬВІВ,10:43,1,fact,1,10:44,,,,2026-10-07 18:19:21,,1,2026-10-07 19:22:14
749/750|УЖГОРОД@20261007-1819,749/750|УЖГОРОД,749/750,Ужгород,Київ-Пас.,6,ЗАБОЛОТЦІ,11:55,1,fact,46,12:41,,,,2026-10-07 18:19:21,,0,2026-10-07 19:22:14
749/750|УЖГОРОД@20261007-1819,749/750|УЖГОРОД,749/750,Ужгород,Київ-Пас.,7,ФАСТІВ-1,16:12,1,fact,131,18:23,127,19:06,2026-10-07 18:19:21,2026-10-07 18:45:51,26,0,2026-10-07 19:22:14
749/750|УЖГОРОД@20261007-1819,749/750|УЖГОРОД,749/750,Ужгород,Київ-Пас.,8,КИЇВ-ПАС.,16:59,0,forecast,,,132,19:11,2026-10-07 19:22:14,,,1,2026-10-07 19:22:14
85/86|ДНІПРО-ГОЛОВНИЙ@20261007-1819,85/86|ДНІПРО-ГОЛОВНИЙ,85/86,Дніпро-Головний,Львів,0,ДНІПРО-ГОЛОВНИЙ,14:40,1,fact,265,,,,,2026-10-07 18:45:51,,1,2026-10-07 19:31:10
85/86|ДНІПРО-ГОЛОВНИЙ@20261007-1819,85/86|ДНІПРО-ГОЛОВНИЙ,85/86,Дніпро-Головний,Львів,1,КАМ'ЯНСЬКЕ-ПАС.,15:19,1,passed_no_fact,,,,,,2026-10-07 18:45:51,,0,2026-10-07 19:31:10
85/86|ДНІПРО-ГОЛОВНИЙ@20261007-1819,85/86|ДНІПРО-ГОЛОВНИЙ,85/86,Дніпро-Головний,Львів,2,ВЕРХНЬОДНІПРОВСЬК,16:01,1,passed_no_fact,,,,,,2026-10-07 18:45:51,,1,2026-10-07 19:31:10
85/86|ДНІПРО-ГОЛОВНИЙ@20261007-1819,85/86|ДНІПРО-ГОЛОВНИЙ,85/86,Дніпро-Головний,Львів,3,ВІЛЬНОГІРСЬК,16:35,1,passed_no_fact,,,,,,2026-10-07 18:45:51,,0,2026-10-07 19:31:10
85/86|ДНІПРО-ГОЛОВНИЙ@20261007-1819,85/86|ДНІПРО-ГОЛОВНИЙ,85/86,Дніпро-Головний,Львів,4,П'ЯТИХАТКИ,17:07,1,passed_no_fact,,,,,,2026-10-07 18:45:51,,0,2026-10-07 19:31:10
85/86|ДНІПРО-ГОЛОВНИЙ@20261007-1819,85/86|ДНІПРО-ГОЛОВНИЙ,85/86,Дніпро-Головний,Львів,5,ОЛЕКСАНДРІЯ,18:42,1,passed_no_fact,,,240,22:42,2026-10-07 19:01:26,2026-10-07 19:22:14,21,0,2026-10-07 19:31:10
85/86|ДНІПРО-ГОЛОВНИЙ@20261007-1819,85/86|ДНІПРО-ГОЛОВНИЙ,85/86,Дніпро-Головний,Львів,6,КОРИСТІВКА,19:00,1,passed_no_fact,,,265,23:25,2026-10-07 19:22:14,2026-10-07 19:31:10,9,0,2026-10-07 19:31:10
85/86|ДНІПРО-ГОЛОВНИЙ@20261007-1819,85/86|ДНІПРО-ГОЛОВНИЙ,85/86,Дніпро-Головний,Львів,7,ЗНАМ'ЯНКА-ПАС.,19:48,0,forecast,,,265,00:13,2026-10-07 19:31:10,,,0,2026-10-07 19:31:10
85/86|ДНІПРО-ГОЛОВНИЙ@20261007-1819,85/86|ДНІПРО-ГОЛОВНИЙ,85/86,Дніпро-Головний,Львів,8,ФУНДУКЛІЇВКА,20:52,0,forecast,,,265,01:17,2026-10-07 19:31:10,,,0,2026-10-07 19:31:10
85/86|ДНІПРО-ГОЛОВНИЙ@20261007-1819,85/86|ДНІПРО-ГОЛОВНИЙ,85/86,Дніпро-Головний,Львів,9,КАМ'ЯНКА,21:08,0,forecast,,,265,01:33,2026-10-07 19:31:10,,,0,2026-10-07 19:31:10
85/86|ДНІПРО-ГОЛОВНИЙ@20261007-1819,85/86|ДНІПРО-ГОЛОВНИЙ,85/86,Дніпро-Головний,Львів,10,ІМ.ТАРАСА ШЕВЧЕНКА,21:31,0,forecast,,,265,01:56,2026-10-07 19:31:10,,,0,2026-10-07 19:31:10
85/86|ДНІПРО-ГОЛОВНИЙ@20261007-1819,85/86|ДНІПРО-ГОЛОВНИЙ,85/86,Дніпро-Головний,Львів,11,ГОРОДИЩЕ,22:36,0,forecast,,,265,03:01,2026-10-07 19:31:10,,,0,2026-10-07 19:31:10
85/86|ДНІПРО-ГОЛОВНИЙ@20261007-1819,85/86|ДНІПРО-ГОЛОВНИЙ,85/86,Дніпро-Головний,Львів,12,КОРСУНЬ,22:58,0,forecast,,,265,03:23,2026-10-07 19:31:10,,,0,2026-10-07 19:31:10
85/86|ДНІПРО-ГОЛОВНИЙ@20261007-1819,85/86|ДНІПРО-ГОЛОВНИЙ,85/86,Дніпро-Головний,Львів,13,МИРОНІВКА,23:37,0,forecast,,,265,04:02,2026-10-07 19:31:10,,,0,2026-10-07 19:31:10
85/86|ДНІПРО-ГОЛОВНИЙ@20261007-1819,85/86|ДНІПРО-ГОЛОВНИЙ,85/86,Дніпро-Головний,Львів,14,БІЛА ЦЕРКВА,00:29,0,forecast,,,265,04:54,2026-10-07 19:31:10,,,0,2026-10-07 19:31:10
85/86|ДНІПРО-ГОЛОВНИЙ@20261007-1819,85/86|ДНІПРО-ГОЛОВНИЙ,85/86,Дніпро-Головний,Львів,15,КОЗЯТИН-1,02:00,0,forecast,,,265,06:25,2026-10-07 19:31:10,,,0,2026-10-07 19:31:10
85/86|ДНІПРО-ГОЛОВНИЙ@20261007-1819,85/86|ДНІПРО-ГОЛОВНИЙ,85/86,Дніпро-Головний,Львів,16,КАЛИНІВКА-1,02:44,0,forecast,,,265,07:09,2026-10-07 19:31:10,,,0,2026-10-07 19:31:10
85/86|ДНІПРО-ГОЛОВНИЙ@20261007-1819,85/86|ДНІПРО-ГОЛОВНИЙ,85/86,Дніпро-Головний,Львів,17,ВІННИЦЯ,03:06,0,forecast,,,265,07:31,2026-10-07 19:31:10,,,0,2026-10-07 19:31:10
85/86|ДНІПРО-ГОЛОВНИЙ@20261007-1819,85/86|ДНІПРО-ГОЛОВНИЙ,85/86,Дніпро-Головний,Львів,18,БРАЇЛІВ,03:43,0,forecast,,,265,08:08,2026-10-07 19:31:10,,,0,2026-10-07 19:31:10
85/86|ДНІПРО-ГОЛОВНИЙ@20261007-1819,85/86|ДНІПРО-ГОЛОВНИЙ,85/86,Дніпро-Головний,Львів,19,ХМЕЛЬНИЦЬКИЙ,05:08,0,forecast,,,265,09:33,2026-10-07 19:31:10,,,0,2026-10-07 19:31:10
85/86|ДНІПРО-ГОЛОВНИЙ@20261007-1819,85/86|ДНІПРО-ГОЛОВНИЙ,85/86,Дніпро-Головний,Львів,20,ВОЛОЧИСЬК,06:16,0,forecast,,,265,10:41,2026-10-07 19:31:10,,,0,2026-10-07 19:31:10
85/86|ДНІПРО-ГОЛОВНИЙ@20261007-1819,85/86|ДНІПРО-ГОЛОВНИЙ,85/86,Дніпро-Головний,Львів,21,ПІДВОЛОЧИСЬК,06:26,0,forecast,,,265,10:51,2026-10-07 19:31:10,,,0,2026-10-07 19:31:10
85/86|ДНІПРО-ГОЛОВНИЙ@20261007-1819,85/86|ДНІПРО-ГОЛОВНИЙ,85/86,Дніпро-Головний,Львів,22,ТЕРНОПІЛЬ-ПАС.,07:18,0,forecast,,,265,11:43,2026-10-07 19:31:10,,,0,2026-10-07 19:31:10
85/86|ДНІПРО-ГОЛОВНИЙ@20261007-1819,85/86|ДНІПРО-ГОЛОВНИЙ,85/86,Дніпро-Головний,Львів,23,ЗЛОЧІВ,08:21,0,forecast,,,265,12:46,2026-10-07 19:31:10,,,0,2026-10-07 19:31:10
85/86|ДНІПРО-ГОЛОВНИЙ@20261007-1819,85/86|ДНІПРО-ГОЛОВНИЙ,85/86,Дніпро-Головний,Львів,24,КРАСНЕ,08:47,0,forecast,,,265,13:12,2026-10-07 19:31:10,,,0,2026-10-07 19:31:10
85/86|ДНІПРО-ГОЛОВНИЙ@20261007-1819,85/86|ДНІПРО-ГОЛОВНИЙ,85/86,Дніпро-Головний,Львів,25,ПІДЗАМЧЕ,09:20,0,forecast,,,265,13:45,2026-10-07 19:31:10,,,0,2026-10-07 19:31:10
85/86|ДНІПРО-ГОЛОВНИЙ@20261007-1819,85/86|ДНІПРО-ГОЛОВНИЙ,85/86,Дніпро-Головний,Львів,26,ЛЬВІВ,09:33,0,forecast,,,265,13:58,2026-10-07 19:31:10,,,1,2026-10-07 19:31:10
9/10|БУДАПЕШТ-КЕЛЕТІ@20261007-1819,9/10|БУДАПЕШТ-КЕЛЕТІ,9/10,Будапешт-Келеті,Київ-Пас.,0,ЗАХОНЬ,04:37,1,passed_no_fact,,,,,,2026-10-07 18:19:21,,0,2026-10-07 19:31:10
9/10|БУДАПЕШТ-КЕЛЕТІ@20261007-1819,9/10|БУДАПЕШТ-КЕЛЕТІ,9/10,Будапешт-Келеті,Київ-Пас.,1,ЧОП,05:58,1,fact,47,06:45,,,,2026-10-07 18:19:21,,0,2026-10-07 19:31:10
9/10|БУДАПЕШТ-КЕЛЕТІ@20261007-1819,9/10|БУДАПЕШТ-КЕЛЕТІ,9/10,Будапешт-Келеті,Київ-Пас.,2,МУКАЧЕВО,09:34,1,fact,63,10:37,,,,2026-10-07 18:19:21,,0,2026-10-07 19:31:10
9/10|БУДАПЕШТ-КЕЛЕТІ@20261007-1819,9/10|БУДАПЕШТ-КЕЛЕТІ,9/10,Будапешт-Келеті,Київ-Пас.,3,СТРИЙ,11:57,1,fact,79,13:16,,,,2026-10-07 18:19:21,,0,2026-10-07 19:31:10
9/10|БУДАПЕШТ-КЕЛЕТІ@20261007-1819,9/10|БУДАПЕШТ-КЕЛЕТІ,9/10,Будапешт-Келеті,Київ-Пас.,4,ЛЬВІВ,12:55,1,fact,94,14:29,,,,2026-10-07 18:19:21,,1,2026-10-07 19:31:10
9/10|БУДАПЕШТ-КЕЛЕТІ@20261007-1819,9/10|БУДАПЕШТ-КЕЛЕТІ,9/10,Будапешт-Келеті,Київ-Пас.,5,СУДИЛКІВ,16:11,1,fact,104,17:55,,,,2026-10-07 18:19:21,,0,2026-10-07 19:31:10
9/10|БУДАПЕШТ-КЕЛЕТІ@20261007-1819,9/10|БУДАПЕШТ-КЕЛЕТІ,9/10,Будапешт-Келеті,Київ-Пас.,6,КИЇВ-ПАС.,19:16,0,forecast,,,118,21:14,2026-10-07 19:31:10,,,1,2026-10-07 19:31:10
9/10|КИЇВ-ПАС.@20261007-1819,9/10|КИЇВ-ПАС.,9/10,Київ-Пас.,Будапешт-Келеті,0,КИЇВ-ПАС.,,1,fact,21,,,,,2026-10-07 18:19:21,,1,2026-10-07 19:31:10
9/10|КИЇВ-ПАС.@20261007-1819,9/10|КИЇВ-ПАС.,9/10,Київ-Пас.,Будапешт-Келеті,1,ЛЬВІВ,16:22,1,fact,51,17:13,,,,2026-10-07 18:19:21,,1,2026-10-07 19:31:10
9/10|КИЇВ-ПАС.@20261007-1819,9/10|КИЇВ-ПАС.,9/10,Київ-Пас.,Будапешт-Келеті,2,ГЛИННА-НАВАРІЯ,17:01,1,fact,52,17:53,,,,2026-10-07 18:19:21,,0,2026-10-07 19:31:10
9/10|КИЇВ-ПАС.@20261007-1819,9/10|КИЇВ-ПАС.,9/10,Київ-Пас.,Будапешт-Келеті,3,МУКАЧЕВО,20:06,0,forecast,,,56,21:02,2026-10-07 19:31:10,,,0,2026-10-07 19:31:10
9/10|КИЇВ-ПАС.@20261007-1819,9/10|КИЇВ-ПАС.,9/10,Київ-Пас.,Будапешт-Келеті,4,ЧОП,20:54,0,forecast,,,56,21:50,2026-10-07 19:31:10,,,0,2026-10-07 19:31:10
