instance_id,trip_key,train_number,departure_date,station_from,station_to,match_type,first_seen_kyiv,last_seen_kyiv,n_seen,last_delay_min,max_delay_min,min_delay_min,last_status,last_reliability,last_reason,n_stops,passed_count,last_stop_passed,finished,finished_at_kyiv,final_delay_min,final_delay_fact_min,max_dev_fact_min,instance_reason,after_monitoring_gap
3/4|Дніпро-Головний|Ужгород|07.10@20261007-1749,3/4|Дніпро-Головний|Ужгород|07.10,3/4,07.10,Дніпро-Головний,Ужгород,endpoint,2026-10-07 17:49:14,2026-10-07 17:49:14,1,190,190,190,Готується,Середня,,0,0,0,0,,,,,first_seen,0
99/100|Київ-Пас.|Бухарест|07.10@20261007-1749,99/100|Київ-Пас.|Бухарест|07.10,99/100,07.10,Київ-Пас.,Бухарест,endpoint,2026-10-07 17:49:14,2026-10-07 17:49:14,1,166,166,166,В дорозі,Висока,,0,0,0,0,,,,,first_seen,0
749/750|Ужгород|Київ-Пас.|@20261007-1749,749/750|Ужгород|Київ-Пас.|,749/750,,Ужгород,Київ-Пас.,both,2026-10-07 17:49:14,2026-10-07 17:49:14,1,120,120,120,В дорозі,Висока,,8,7,0,0,,,,46,first_seen,0
119/120|Дніпро-Головний|Хелм|@20261007-1749,119/120|Дніпро-Головний|Хелм|,119/120,,Дніпро-Головний,Хелм,both,2026-10-07 17:49:14,2026-10-07 17:49:14,1,115,115,115,В дорозі,Висока,,16,15,0,0,,,,122,first_seen,0
63/64|Харків-Пас.|Перемишль|@20261007-1749,63/64|Харків-Пас.|Перемишль|,63/64,,Харків-Пас.,Перемишль,both,2026-10-07 17:49:14,2026-10-07 17:49:14,1,115,115,115,В дорозі,Висока,,14,13,0,0,,,,114,first_seen,0
61/62|Дніпро-Головний|Івано-Франківськ|@20261007-1749,61/62|Дніпро-Головний|Івано-Франківськ|,61/62,,Дніпро-Головний,Івано-Франківськ,both,2026-10-07 17:49:14,2026-10-07 17:49:14,1,113,113,113,В дорозі,Висока,,12,5,0,0,,,,112,first_seen,0
261/262|Дніпро-Головний|Чернівці|@20261007-1749,261/262|Дніпро-Головний|Чернівці|,261/262,,Дніпро-Головний,Чернівці,both,2026-10-07 17:49:14,2026-10-07 17:49:14,1,113,113,113,В дорозі,Висока,,15,5,0,0,,,,112,first_seen,0
705/706|Перемишль|Київ-Пас.|@20261007-1749,705/706|Перемишль|Київ-Пас.|,705/706,,Перемишль,Київ-Пас.,both,2026-10-07 17:49:14,2026-10-07 17:49:14,1,89,89,89,В дорозі,Висока,,8,7,0,0,,,,89,first_seen,0
9/10|Будапешт-Келеті|Київ-Пас.|@20261007-1749,9/10|Будапешт-Келеті|Київ-Пас.|,9/10,,Будапешт-Келеті,Київ-Пас.,both,2026-10-07 17:49:14,2026-10-07 17:49:14,1,88,88,88,В дорозі,Висока,,6,5,0,0,,,,94,first_seen,0
1/2|Харків-Пас.|Рахів|@20261007-1749,1/2|Харків-Пас.|Рахів|,1/2,,Харків-Пас.,Рахів,both,2026-10-07 17:49:14,2026-10-07 17:49:14,1,71,71,71,В дорозі,Висока,,11,2,0,0,,,,79,first_seen,0
5/6|Запоріжжя-1|Ясіня|07.10@20261007-1749,5/6|Запоріжжя-1|Ясіня|07.10,5/6,07.10,Запоріжжя-1,Ясіня,transit,2026-10-07 17:49:14,2026-10-07 17:49:14,1,58,58,58,В дорозі,Висока,,17,6,0,0,,,,129,first_seen,0
5/6|Ясіня|Запоріжжя-1|07.10@20261007-1749,5/6|Ясіня|Запоріжжя-1|07.10,5/6,07.10,Ясіня,Запоріжжя-1,transit,2026-10-07 17:49:14,2026-10-07 17:49:14,1,50,50,50,В дорозі,Висока,,19,5,0,0,,,,87,first_seen,0
749/750|Київ-Пас.|Ужгород|@20261007-1749,749/750|Київ-Пас.|Ужгород|,749/750,,Київ-Пас.,Ужгород,both,2026-10-07 17:49:14,2026-10-07 17:49:14,1,50,50,50,В дорозі,Висока,,8,2,0,0,,,,1,first_seen,0
113/114|Харків-Пас.|Ужгород|06.10@20261007-1749,113/114|Харків-Пас.|Ужгород|06.10,113/114,06.10,Харків-Пас.,Ужгород,both,2026-10-07 17:49:14,2026-10-07 17:49:14,1,47,47,47,В дорозі,Висока,,41,20,0,0,,,,101,first_seen,0
31/32|Запоріжжя-1|Перемишль|07.10@20261007-1749,31/32|Запоріжжя-1|Перемишль|07.10,31/32,07.10,Запоріжжя-1,Перемишль,transit,2026-10-07 17:49:14,2026-10-07 17:49:14,1,45,45,45,В дорозі,Висока,,13,6,0,0,,,,117,first_seen,0
9/10|Київ-Пас.|Будапешт-Келеті|@20261007-1749,9/10|Київ-Пас.|Будапешт-Келеті|,9/10,,Київ-Пас.,Будапешт-Келеті,both,2026-10-07 17:49:14,2026-10-07 17:49:14,1,43,43,43,В дорозі,Висока,,4,2,0,0,,,,51,first_seen,0
293/294|Ворохта|Кривий Ріг-Головний|@20261007-1749,293/294|Ворохта|Кривий Ріг-Головний|,293/294,,Ворохта,Кривий Ріг-Головний,transit,2026-10-07 17:49:14,2026-10-07 17:49:14,1,38,38,38,В дорозі,Висока,,10,3,0,0,,,,38,first_seen,0
143/144|Ясіня|Конотоп-Пас.|@20261007-1749,143/144|Ясіня|Конотоп-Пас.|,143/144,,Ясіня,Конотоп-Пас.,transit,2026-10-07 17:49:14,2026-10-07 17:49:14,1,24,24,24,В дорозі,Висока,,20,6,0,0,,,,34,first_seen,0
37/38|Ужгород|Одеса-Головна|@20261007-1749,37/38|Ужгород|Одеса-Головна|,37/38,,Ужгород,Одеса-Головна,both,2026-10-07 17:49:14,2026-10-07 17:49:14,1,18,18,18,В дорозі,Висока,,23,7,0,0,,,,37,first_seen,0
